emp_name,emp_company_name,emp_city,emp_id,emp_age,emp_salary,emp_joining_date,emp_active,emp_last_update
Mr.jiduabqev*,impetus,india-indore,2,46,8.263,10/11/2017,True,23/10/2018 09:14:38
Mr.krrytzfmgt*,,india-bangalore,3,22,4.827,05/08/2019,True,22/10/2017 06:39:28
,impetus,india-noida,4,51,4.149,14/04/2018,True,21/02/2018 01:02:10
Mr.vwhmjnn*,impetus,india-noida,5,83,4.984,26/06/2018,True,15/03/2018 13:30:59
Mr.hcjiptj*,impetus,india-bangalore,6,33,9.469,29/07/2018,True,05/01/2018 14:35:47
Mr.skgu*,impetus,india-indore,7,91,8.462,25/08/2017,True,02/02/2018 06:16:34
Mr.rvpkn*,,india-bangalore,8,75,5.873,13/01/2019,True,21/04/2018 09:53:49
Mr.emxyjoyz*,impetus,india-indore,9,47,8.137,14/05/2017,True,17/10/2017 17:14:38
Mr.rxa*,impetus,,10,41,5.16,22/06/2017,True,21/01/2018 16:02:45
Mr.bimmpq*,impetus,india-indore,11,20,7.628,11/03/2019,True,05/04/2018 21:17:15
Mr.pmm*,impetus,india-indore,12,28,7.941,03/05/2019,True,23/05/2018 08:45:40
Mr.tqmbfghb*,impetus,india-indore,13,97,9.911,16/05/2017,True,17/11/2018 20:17:46
Mr.rqy*,impetus,india-noida,14,37,5.586,04/04/2018,True,17/01/2017 09:16:48
Mr.gjsr*,impetus,india-bangalore,15,22,3.328,14/08/2019,True,26/11/2018 20:19:19
Mr.xjtloii*,impetus,india-noida,16,74,7.177,15/05/2017,True,17/09/2018 19:46:56
Mr.sylpyslmjr*,impetus,india-bangalore,17,31,4.46,11/09/2018,True,29/06/2017 05:53:27
Mr.ubyxlqz*,impetus,india-bangalore,18,43,3.744,10/07/2018,True,19/10/2018 19:17:53
Mr.vhxibla*,impetus,india-noida,19,21,6.888,14/04/2019,True,13/04/2019 01:27:03
Mr.xglvrqyr*,impetus,india-noida,20,79,4.269,14/05/2017,True,28/05/2018 23:30:24
Mr.rvogemtk*,impetus,india-bangalore,21,62,7.971,23/02/2018,True,26/08/2017 02:01:59
Mr.eyrwsedf*,impetus,india-indore,22,44,6.826,16/02/2018,True,09/04/2018 11:22:39
Mr.posvyxay*,impetus,india-noida,23,84,8.672,22/09/2019,True,23/09/2018 14:38:05
Mr.hpewtbanac*,impetus,india-indore,24,29,4.748,04/06/2019,True,03/03/2018 09:19:58
Mr.jsftts*,impetus,india-noida,25,71,4.74,09/05/2017,True,01/03/2019 11:14:25
Mr.ebtjwbzux*,impetus,india-indore,26,99,4.722,09/06/2018,True,17/07/2017 01:05:41
,impetus,india-noida,27,63,9.529,24/11/2017,True,05/03/2019 17:41:15
Mr.qbzfzg*,impetus,india-indore,28,46,9.136,16/03/2019,True,25/01/2018 00:37:16
Mr.dimrbxdkfc*,,india-bangalore,29,27,4.048,08/05/2018,True,10/02/2018 22:39:31
Mr.hzelagsdsa*,impetus,india-noida,30,56,6.808,21/01/2017,True,19/05/2018 12:28:40
Mr.tuenqjm*,impetus,india-indore,31,30,3.556,11/07/2017,True,29/12/2018 18:06:56
Mr.kosfhmhzz*,,india-noida,32,55,3.969,02/12/2017,True,01/12/2017 04:53:26
Mr.rysfom*,impetus,india-noida,33,32,4.631,09/04/2017,True,21/06/2018 13:40:52
Mr.jaf*,impetus,india-bangalore,34,79,5.383,25/03/2018,True,12/02/2019 21:07:53
Mr.lnwypsdehr*,impetus,india-bangalore,35,23,6.926,23/11/2018,True,13/09/2018 17:56:14
Mr.rthqpveco*,impetus,,36,80,7.752,23/03/2018,True,13/06/2019 00:07:43
Mr.hfmkvhsm*,,india-noida,37,59,8.621,24/07/2017,True,12/01/2019 14:13:02
,impetus,,38,54,8.686,10/03/2017,True,28/11/2018 09:23:37
Mr.pevm*,impetus,india-indore,39,74,5.275,27/07/2017,True,06/08/2017 14:07:45
Mr.jyyglaud*,impetus,india-indore,40,50,3.383,19/02/2017,True,14/08/2018 14:18:29
Mr.vtlxfcvajw*,impetus,india-bangalore,41,58,6.012,08/06/2017,True,15/07/2018 23:35:04
Mr.txuohlllm*,impetus,india-indore,42,38,3.17,02/03/2018,True,28/11/2017 14:11:04
Mr.rhyibagzm*,,india-indore,43,32,3.212,03/01/2019,True,07/06/2017 17:50:05
Mr.krkuv*,impetus,india-noida,44,35,8.548,11/08/2017,True,26/03/2019 09:38:25
Mr.fcpiff*,,india-indore,45,87,8.853,03/10/2019,True,26/07/2017 07:52:16
Mr.szlaboae*,impetus,india-noida,46,71,9.68,30/09/2017,True,13/10/2018 07:30:53
Mr.idjodloy*,impetus,india-bangalore,47,30,9.473,16/01/2018,True,12/03/2019 01:16:31
Mr.avsjoo*,impetus,,48,69,6.431,24/01/2017,True,24/01/2019 10:22:26
Mr.pjg*,impetus,india-noida,49,60,3.019,04/07/2019,True,28/02/2017 21:45:24
Mr.eudfexftya*,impetus,india-indore,50,69,7.006,03/11/2018,True,02/05/2019 04:31:53
Mr.ibcq*,impetus,india-indore,51,78,7.759,21/03/2018,True,25/04/2017 19:03:33
Mr.uplwc*,impetus,india-noida,52,88,4.319,06/06/2017,True,21/06/2019 21:42:20
Mr.obqyur*,impetus,,53,97,3.115,18/05/2017,True,30/01/2017 06:29:43
Mr.zqwsoijv*,impetus,india-bangalore,54,99,4.996,02/01/2018,True,23/12/2017 05:35:36
Mr.ivpfwrj*,impetus,india-indore,55,29,3.697,04/08/2017,True,23/10/2017 01:49:15
Mr.iuku*,impetus,india-bangalore,56,24,7.919,23/05/2017,True,10/07/2018 00:56:34
Mr.anrskcxkj*,impetus,india-noida,57,60,8.707,22/01/2019,True,14/04/2017 09:35:06
Mr.cmn*,impetus,india-noida,58,76,6.378,09/07/2019,True,15/04/2018 10:34:16
Mr.ocpuzgktde*,impetus,india-bangalore,59,69,7.13,04/08/2018,True,14/06/2018 05:46:34
Mr.nxuwdtcb*,impetus,india-indore,60,87,3.941,23/02/2019,True,08/08/2018 17:14:27
Mr.kmfapm*,impetus,india-indore,61,62,7.272,26/10/2018,True,17/03/2018 01:24:54
Mr.iynzpgx*,impetus,india-noida,62,55,5.96,15/10/2018,True,17/05/2019 09:02:35
Mr.kcqukuzo*,impetus,india-noida,63,80,7.513,07/05/2017,True,27/07/2017 05:31:34
Mr.ttdwczry*,impetus,india-indore,64,55,5.707,04/11/2018,True,02/05/2017 15:20:03
Mr.vqihbykmmo*,,india-indore,65,33,6.13,19/05/2018,True,20/02/2019 10:43:15
Mr.kqq*,impetus,india-indore,66,92,5.599,17/09/2019,True,22/06/2018 20:50:44
Mr.igxoufq*,impetus,,67,42,8.378,04/01/2019,True,05/07/2018 02:22:17
Mr.egjzzgo*,impetus,india-indore,68,46,3.515,09/03/2017,True,25/01/2017 01:34:33
Mr.cdjooed*,impetus,india-bangalore,69,74,9.858,14/02/2018,True,24/02/2018 15:02:09
,impetus,,70,64,7.128,24/07/2018,True,27/06/2019 18:16:45
Mr.wvtiyj*,impetus,india-bangalore,71,89,7.704,28/09/2019,True,22/01/2019 06:44:01
Mr.axp*,impetus,india-indore,72,47,8.611,12/08/2019,True,08/05/2017 20:03:29
Mr.tliewbk*,impetus,india-indore,73,38,7.418,06/06/2017,True,16/09/2018 05:59:27
Mr.mdrndxotd*,impetus,india-indore,74,32,6.747,18/02/2018,True,31/10/2018 12:45:02
Mr.jbbxwv*,impetus,india-noida,75,48,8.448,17/06/2018,True,20/03/2018 10:23:10
Mr.jidmdwpzo*,impetus,india-bangalore,76,47,7.613,03/04/2017,True,10/11/2017 22:39:13
Mr.yxls*,,india-bangalore,77,52,7.851,29/11/2018,True,14/01/2019 09:30:50
,impetus,india-bangalore,78,65,4.015,04/06/2018,True,06/11/2018 19:14:35
Mr.voczptinn*,impetus,india-noida,79,95,5.301,06/06/2019,True,11/09/2019 02:44:42
Mr.dmejkfykd*,impetus,india-noida,80,71,6.422,20/05/2019,True,14/03/2018 19:56:07
Mr.hce*,impetus,india-noida,81,38,7.376,05/11/2018,True,07/02/2018 19:29:28
Mr.cvxtdyj*,impetus,india-noida,82,35,8.726,05/10/2018,True,13/02/2019 12:45:25
Mr.xpn*,impetus,india-bangalore,83,69,4.931,30/06/2017,True,04/12/2017 15:10:28
,impetus,india-bangalore,84,43,3.48,27/08/2019,True,13/07/2017 09:49:29
Mr.eicn*,impetus,india-bangalore,85,69,8.509,07/05/2017,True,06/07/2019 11:06:11
Mr.srwhahztsg*,impetus,india-indore,86,45,5.807,01/11/2017,True,26/04/2017 22:23:00
Mr.tkdfhtb*,,india-indore,87,31,3.124,26/12/2018,True,10/11/2018 16:50:44
Mr.piaacswm*,impetus,india-bangalore,88,43,5.817,16/02/2019,True,20/02/2018 20:53:01
Mr.phsipt*,impetus,india-noida,89,42,7.433,24/06/2018,True,18/04/2019 06:56:07
Mr.oyegbfg*,impetus,india-noida,90,50,7.225,31/10/2018,True,22/11/2017 05:15:00
Mr.kov*,impetus,,91,93,3.175,11/12/2017,True,09/09/2017 06:19:04
Mr.cbbshw*,impetus,india-noida,92,27,7.271,14/04/2018,True,10/01/2018 21:00:43
Mr.fsjdiyycg*,impetus,india-indore,93,21,5.607,28/04/2017,True,01/07/2017 15:18:39
Mr.alvufrl*,impetus,india-indore,94,23,5.486,30/01/2018,True,12/01/2018 19:13:41
Mr.ueqwgqbifp*,impetus,india-noida,95,100,9.496,25/07/2018,True,07/10/2018 13:18:45
Mr.hofm*,impetus,india-bangalore,96,87,9.644,27/08/2017,True,14/03/2017 19:30:33
Mr.wzeilc*,impetus,india-indore,97,34,5.83,27/12/2018,True,27/07/2017 12:15:57
Mr.jhfxdg*,impetus,india-noida,98,81,7.534,28/10/2017,True,27/07/2018 01:10:25
Mr.eolqop*,impetus,india-indore,99,90,7.505,02/12/2018,True,08/02/2017 03:01:53
,impetus,india-indore,100,51,4.653,08/09/2018,True,22/12/2018 05:33:04
Mr.tyspxuhhkl*,impetus,india-bangalore,101,92,9.993,08/09/2017,True,28/02/2018 07:22:31
Mr.efaokirwt*,impetus,,102,74,3.681,11/04/2017,True,28/02/2017 15:49:32
Mr.wppmml*,impetus,india-bangalore,103,83,6.817,23/09/2017,True,01/07/2017 10:20:01
,,india-bangalore,104,21,6.087,23/08/2017,True,19/08/2019 03:04:25
Mr.ssoaxdoqku*,impetus,india-noida,105,97,9.82,27/07/2019,True,08/03/2018 05:22:35
Mr.mfqpf*,impetus,india-indore,106,53,9.352,09/07/2017,True,31/03/2017 05:04:16
Mr.bfpilmb*,impetus,india-noida,107,100,5.441,31/12/2018,True,26/01/2019 12:23:36
Mr.orsz*,impetus,india-indore,108,86,7.696,23/06/2018,True,30/06/2018 14:45:48
Mr.eaxizkljuu*,impetus,india-indore,109,92,8.839,11/04/2019,True,11/03/2018 14:09:18
,impetus,india-indore,110,27,7.41,22/08/2018,True,25/05/2018 19:24:27
,,india-noida,111,37,6.143,24/04/2017,True,24/06/2018 15:25:55
Mr.fdihvscivz*,impetus,india-noida,112,48,3.595,04/01/2018,True,28/01/2017 05:57:35
Mr.mbhxgdjqgk*,impetus,india-bangalore,113,50,5.856,08/04/2018,True,10/05/2017 12:30:18
Mr.czq*,impetus,india-noida,114,56,3.16,14/01/2019,True,06/04/2018 23:18:53
Mr.wbfkwrnrr*,impetus,india-bangalore,115,48,7.434,28/03/2017,True,03/05/2017 19:39:19
Mr.hkrsc*,impetus,india-noida,116,31,4.177,13/06/2017,True,28/11/2018 10:48:48
Mr.ysxrgyab*,impetus,,117,22,8.377,08/08/2019,True,09/06/2018 19:51:06
Mr.vtvcjy*,impetus,india-indore,118,65,7.05,24/07/2019,True,16/08/2019 21:47:53
Mr.xgqmpi*,impetus,india-bangalore,119,25,9.02,13/12/2018,True,26/04/2019 16:26:17
Mr.lucfp*,impetus,india-bangalore,120,37,3.171,14/07/2019,True,19/09/2018 12:56:45
,impetus,india-noida,121,77,6.795,05/09/2017,True,06/03/2018 22:03:00
Mr.jgzjvjccqf*,impetus,india-bangalore,122,36,8.807,02/06/2019,True,22/06/2019 03:18:05
Mr.cjoqwb*,impetus,india-bangalore,123,95,3.047,02/05/2017,True,10/02/2019 04:59:43
Mr.yrdfxnrgqk*,impetus,india-noida,124,77,9.221,16/04/2017,True,30/04/2019 23:39:19
,impetus,india-noida,125,67,6.76,27/08/2017,True,04/10/2017 18:04:38
Mr.ailu*,impetus,india-indore,126,30,4.655,05/07/2018,True,13/02/2018 22:40:16
Mr.iogvng*,impetus,,127,98,9.828,02/03/2018,True,18/02/2017 03:42:30
Mr.bjibpxf*,impetus,india-bangalore,128,29,3.516,21/03/2017,True,02/06/2017 14:57:04
Mr.eqffcexud*,impetus,india-indore,129,36,5.47,10/06/2017,True,20/02/2018 01:52:38
Mr.gmi*,impetus,india-indore,130,48,7.324,02/02/2019,True,06/01/2018 17:54:53
Mr.ixs*,impetus,india-bangalore,131,45,9.318,14/12/2018,True,20/11/2017 03:50:17
Mr.trgv*,impetus,india-indore,132,90,7.024,08/03/2017,True,15/04/2019 16:14:04
Mr.acav*,impetus,india-indore,133,91,5.911,22/10/2017,True,23/01/2018 10:03:25
Mr.euyv*,impetus,india-noida,134,49,4.483,07/11/2017,True,08/04/2017 09:02:39
Mr.axqxmhu*,impetus,india-bangalore,135,62,5.536,09/12/2017,True,21/09/2018 16:36:03
Mr.virjhrxj*,impetus,india-bangalore,136,100,9.902,21/09/2018,True,27/05/2019 23:45:38
Mr.dys*,impetus,india-indore,137,57,5.113,03/06/2018,True,21/05/2019 12:35:05
Mr.pwnr*,impetus,india-bangalore,138,85,7.01,28/11/2017,True,25/12/2018 21:59:15
Mr.iklwcgymhc*,impetus,india-bangalore,139,90,8.159,07/05/2018,True,14/07/2019 06:37:38
Mr.wxbqmeue*,impetus,india-noida,140,21,6.1,15/10/2018,True,12/07/2017 22:51:31
Mr.jfthu*,impetus,india-noida,141,62,6.445,04/08/2017,True,08/05/2017 13:57:06
Mr.kdojeemse*,impetus,india-bangalore,142,51,9.334,29/09/2017,True,17/03/2017 06:02:08
Mr.qefdfxgbze*,impetus,,143,83,9.344,14/08/2018,True,22/03/2017 21:47:15
Mr.ucfwkn*,impetus,india-noida,144,74,7.958,08/10/2017,True,21/08/2017 13:40:13
Mr.bmnzyvagpv*,impetus,,145,46,3.64,24/02/2019,True,07/11/2018 14:45:28
Mr.egrykgy*,impetus,india-bangalore,146,64,8.98,05/02/2018,True,18/04/2018 12:40:35
Mr.qwftnwqrew*,impetus,india-bangalore,147,38,9.536,03/07/2018,True,10/09/2018 01:30:44
Mr.jlyele*,impetus,india-noida,148,85,8.492,10/02/2018,True,15/01/2019 01:01:33
Mr.gqbziu*,,india-bangalore,149,60,6.066,07/02/2019,True,20/09/2017 05:03:59
Mr.jxaoegqn*,impetus,india-noida,150,49,3.088,02/12/2017,True,15/03/2017 10:34:23
Mr.sabjhzvze*,impetus,india-indore,151,62,8.867,18/12/2018,True,25/07/2018 23:23:34
Mr.mjtmk*,impetus,india-bangalore,152,63,3.079,22/05/2019,True,13/06/2018 13:32:32
Mr.yxddpzsdt*,impetus,india-bangalore,153,65,3.308,30/05/2018,True,16/11/2017 19:39:02
,,india-bangalore,154,87,5.65,15/01/2019,True,01/06/2017 17:05:25
Mr.jpngvv*,impetus,india-bangalore,155,48,8.579,11/10/2018,True,13/08/2017 12:57:49
Mr.mxzbe*,impetus,india-indore,156,51,9.032,14/02/2018,True,09/10/2017 01:50:24
Mr.vjd*,impetus,india-noida,157,25,8.367,21/06/2019,True,07/08/2019 17:19:52
Mr.haektvh*,impetus,india-noida,158,96,5.513,18/01/2018,True,28/04/2019 11:19:11
Mr.mccybnn*,,india-indore,159,94,5.665,20/03/2018,True,26/02/2019 07:47:13
,impetus,india-indore,160,90,8.192,22/08/2019,True,04/09/2019 00:58:43
Mr.phrz*,impetus,india-indore,161,92,4.653,25/09/2019,True,28/01/2018 02:56:47
,impetus,india-indore,162,95,5.627,08/04/2017,True,05/05/2017 12:20:16
Mr.bnwttz*,,india-bangalore,163,25,5.657,16/07/2018,True,20/09/2017 16:55:30
Mr.rnn*,impetus,india-indore,164,35,4.597,31/01/2018,True,07/01/2018 06:23:36
Mr.xdvtpb*,impetus,india-noida,165,77,6.763,30/09/2018,True,23/09/2017 00:21:15
Mr.yuaf*,impetus,india-noida,166,37,7.545,18/02/2018,True,20/01/2018 17:30:14
Mr.wecjaton*,,india-indore,167,69,9.237,01/07/2018,True,06/06/2017 17:46:13
Mr.bmcy*,impetus,india-indore,168,67,3.546,15/08/2017,True,18/05/2018 15:05:22
Mr.tsz*,impetus,india-noida,169,53,8.678,08/07/2019,True,16/04/2019 19:00:16
Mr.nzeqhv*,impetus,india-indore,170,65,3.514,26/12/2017,True,28/07/2019 17:30:18
Mr.rrisn*,impetus,india-noida,171,32,6.617,25/02/2019,True,10/01/2019 02:58:52
Mr.aytxzxjeo*,impetus,india-noida,172,24,9.56,01/12/2017,True,03/10/2018 16:19:04
,impetus,india-bangalore,173,26,9.616,12/09/2019,True,12/11/2017 00:25:12
Mr.vazxnnwsng*,,india-bangalore,174,100,3.349,12/08/2017,True,20/08/2017 02:45:39
Mr.hvkimgd*,impetus,india-indore,175,45,3.575,07/05/2019,True,17/12/2017 10:05:40
Mr.zqkehwakzz*,impetus,india-noida,176,20,5.671,16/03/2017,True,09/11/2018 00:58:57
Mr.hkovuq*,impetus,india-bangalore,177,51,6.51,27/10/2018,True,06/05/2019 13:44:38
Mr.qzzwecpy*,impetus,india-indore,178,80,3.959,07/07/2017,True,24/08/2019 09:36:12
Mr.tnkgnkjazy*,impetus,india-bangalore,179,74,8.962,24/07/2018,True,02/06/2019 12:10:15
Mr.txhlq*,,,180,39,5.243,04/05/2018,True,10/05/2017 15:40:05
Mr.gabyn*,impetus,india-indore,181,94,4.878,30/08/2019,True,01/10/2017 11:53:58
Mr.yxykvidi*,impetus,india-indore,182,25,3.526,03/05/2018,True,31/12/2017 13:00:10
,impetus,india-indore,183,31,3.255,25/04/2017,True,03/02/2018 00:31:36
,impetus,india-bangalore,184,96,7.149,30/07/2019,True,20/05/2018 05:02:06
Mr.lwfalnqmw*,impetus,india-indore,185,38,7.376,28/05/2019,True,08/11/2018 18:23:45
Mr.tgsilxnzuj*,impetus,india-indore,186,90,9.689,17/05/2019,True,16/09/2017 08:04:58
Mr.lnbqg*,impetus,india-indore,187,31,7.091,28/09/2017,True,27/09/2018 09:06:38
Mr.temrkjk*,impetus,india-noida,188,89,3.774,14/07/2019,True,10/03/2018 03:47:21
,impetus,india-bangalore,189,35,7.717,18/03/2017,True,02/10/2018 04:00:30
Mr.wnjld*,impetus,india-noida,190,81,8.122,04/04/2018,True,26/03/2018 18:39:09
Mr.rxriinytbf*,impetus,india-indore,191,60,7.782,08/01/2018,True,15/10/2018 19:41:27
Mr.crgkaelcd*,,india-bangalore,192,63,6.878,02/06/2017,True,15/06/2018 03:48:31
Mr.muadkejxdt*,impetus,india-bangalore,193,22,4.059,10/06/2019,True,04/05/2019 07:47:53
,impetus,india-noida,194,52,7.011,27/09/2019,True,24/08/2017 12:25:41
Mr.wphjskc*,impetus,india-bangalore,195,93,7.68,27/02/2019,True,18/10/2017 13:54:50
,impetus,india-indore,196,33,7.945,17/11/2017,True,06/02/2017 14:01:02
Mr.bwdt*,impetus,india-bangalore,197,95,5.884,27/12/2017,True,08/04/2018 11:05:59
Mr.aafcvqla*,impetus,india-indore,198,61,6.228,17/07/2019,True,14/11/2018 03:57:57
Mr.jbmivoq*,,india-noida,199,66,8.11,08/07/2017,True,23/07/2017 08:30:09
,impetus,india-bangalore,200,45,5.488,26/05/2019,True,21/11/2017 21:16:39
Mr.sduiwmv*,impetus,india-bangalore,201,30,5.496,27/06/2018,True,16/09/2017 21:35:47
Mr.loyz*,impetus,,202,97,9.788,23/07/2018,True,22/04/2019 05:41:34
Mr.lnmut*,impetus,india-bangalore,203,72,4.531,12/02/2017,True,14/01/2019 09:31:14
Mr.klrmxb*,impetus,india-indore,204,31,8.393,15/05/2017,True,22/04/2017 17:48:38
Mr.tlxchcw*,,india-noida,205,24,8.098,12/09/2017,True,12/07/2017 11:08:24
Mr.nuxitozy*,impetus,india-indore,206,90,3.065,08/05/2018,True,24/04/2017 14:07:54
Mr.exjprz*,impetus,,207,55,9.303,16/02/2019,True,01/02/2017 10:31:11
Mr.ludszjst*,,india-indore,208,29,3.667,25/08/2019,True,20/01/2017 10:28:05
Mr.tdko*,impetus,india-bangalore,209,61,9.116,01/07/2018,True,03/03/2019 13:10:49
Mr.mlz*,,india-bangalore,210,80,6.429,07/06/2018,True,25/04/2019 04:07:35
Mr.luit*,impetus,india-indore,211,54,3.881,23/07/2018,True,05/08/2017 08:13:22
Mr.wjnuz*,impetus,india-noida,212,36,4.047,27/05/2019,True,16/04/2017 12:52:56
Mr.xqldfx*,,india-bangalore,213,28,8.79,21/12/2018,True,13/12/2017 22:14:46
Mr.pjiflgbjmz*,impetus,,214,95,5.764,17/09/2017,True,05/11/2017 19:51:36
Mr.xrbixk*,impetus,india-bangalore,215,57,3.539,23/08/2018,True,09/07/2018 08:12:58
Mr.xkif*,impetus,india-bangalore,216,99,3.243,14/12/2017,True,15/10/2017 17:18:34
Mr.pewh*,impetus,india-noida,217,33,3.399,11/07/2018,True,30/06/2018 10:41:15
Mr.dgwrq*,impetus,india-bangalore,218,88,9.614,12/12/2018,True,27/11/2017 22:24:34
Mr.tontwgp*,impetus,india-noida,219,21,4.133,28/03/2017,True,12/11/2017 01:04:25
Mr.hzjprano*,impetus,india-bangalore,220,40,9.461,11/07/2017,True,17/01/2019 17:42:49
Mr.hdfijbameh*,impetus,india-noida,221,36,3.212,23/04/2017,True,06/01/2018 15:41:29
Mr.isutw*,impetus,,222,34,8.098,16/08/2018,True,05/04/2019 11:52:08
Mr.nzeiqspr*,impetus,india-indore,223,20,7.392,17/04/2017,True,17/05/2018 03:04:40
Mr.qkhagiea*,impetus,,224,46,3.714,25/11/2018,True,14/10/2018 15:40:56
Mr.oxim*,,,225,84,3.975,18/02/2018,True,13/03/2017 13:47:56
Mr.cbsd*,impetus,india-bangalore,226,21,4.174,14/05/2019,True,02/07/2017 06:18:47
Mr.iyqer*,,india-indore,227,85,3.65,20/03/2019,True,20/06/2018 06:51:41
Mr.impijowch*,impetus,india-bangalore,228,75,6.855,19/06/2019,True,23/07/2017 18:31:22
Mr.jnb*,impetus,india-indore,229,31,3.705,25/03/2018,True,19/04/2018 03:14:14
Mr.beigfn*,impetus,india-indore,230,83,5.718,15/01/2018,True,24/02/2019 13:59:44
,,india-indore,231,40,5.122,23/01/2018,True,23/05/2017 15:27:38
Mr.gsjxnp*,impetus,india-bangalore,232,95,5.638,07/03/2017,True,14/08/2017 15:36:10
Mr.gqmyv*,impetus,india-indore,233,68,8.392,22/10/2017,True,19/10/2017 15:21:59
Mr.pphiikuay*,impetus,india-indore,234,92,3.34,02/06/2018,True,28/08/2017 02:00:53
Mr.lmpikuck*,impetus,india-noida,235,68,9.045,21/06/2018,True,10/09/2017 03:43:24
Mr.iguzmgq*,,india-indore,236,41,3.887,24/01/2017,True,03/11/2017 03:51:41
Mr.hmdo*,,india-indore,237,38,8.323,30/09/2017,True,09/01/2019 19:48:52
Mr.bvghbor*,impetus,india-indore,238,39,3.88,21/04/2019,True,08/05/2018 08:16:48
Mr.mnqjdwc*,impetus,india-indore,239,77,6.669,26/09/2019,True,07/03/2017 23:25:08
Mr.ojnhsl*,impetus,india-noida,240,31,6.028,18/10/2018,True,27/01/2019 15:11:17
Mr.lqrw*,impetus,india-noida,241,82,8.001,27/09/2018,True,27/04/2018 19:05:21
Mr.wqbij*,impetus,india-bangalore,242,61,5.832,10/01/2018,True,19/08/2019 06:34:25
Mr.qscbnsgww*,impetus,india-noida,243,54,4.995,12/01/2018,True,11/12/2018 22:00:06
Mr.vsxmoyvr*,impetus,india-bangalore,244,44,3.429,04/07/2018,True,25/08/2017 22:14:21
Mr.yuudxypre*,impetus,india-bangalore,245,96,7.641,26/09/2018,True,21/04/2019 20:09:59
,impetus,india-noida,246,81,4.996,14/06/2019,True,24/09/2017 11:16:52
Mr.lmojlnkzh*,impetus,india-indore,247,50,5.007,24/03/2019,True,29/03/2017 03:57:35
,impetus,india-bangalore,248,77,4.42,20/01/2017,True,05/08/2017 21:35:01
Mr.dounkk*,impetus,india-indore,249,27,9.312,13/01/2017,True,02/08/2019 22:05:26
Mr.jkwvrkxr*,impetus,india-bangalore,250,94,3.117,01/05/2017,True,19/06/2017 12:35:15
Mr.qbrah*,impetus,india-indore,251,21,9.359,25/03/2018,True,30/07/2017 18:58:15
Mr.fpkfgxqgmf*,impetus,india-indore,252,83,4.808,15/02/2018,True,03/10/2017 16:37:42
Mr.czv*,impetus,india-indore,253,87,4.179,31/05/2018,True,09/02/2018 07:53:20
Mr.osnb*,impetus,india-bangalore,254,56,4.427,08/12/2017,True,19/06/2018 14:45:58
Mr.cawszaeb*,impetus,india-bangalore,255,91,9.07,31/08/2017,True,30/04/2019 00:46:09
Mr.gjanqsasbs*,impetus,india-bangalore,256,65,7.93,02/10/2019,True,04/02/2017 04:30:18
Mr.pchhxmf*,impetus,india-noida,257,38,6.759,18/08/2019,True,30/08/2018 18:25:36
Mr.auaizam*,impetus,,258,76,9.372,03/12/2018,True,23/06/2019 05:41:24
Mr.ftldbqu*,impetus,india-noida,259,44,5.452,18/07/2019,True,02/04/2019 21:16:09
Mr.cba*,impetus,india-noida,260,59,9.552,08/08/2018,True,17/09/2017 05:08:24
Mr.fummysuf*,impetus,india-noida,261,82,3.456,23/07/2018,True,10/04/2018 15:21:26
,impetus,india-indore,262,31,7.522,22/06/2017,True,04/05/2018 13:03:58
Mr.rricau*,impetus,india-bangalore,263,39,5.737,18/04/2018,True,22/12/2018 21:21:54
Mr.cxur*,impetus,india-bangalore,264,23,4.514,13/02/2017,True,07/02/2017 20:55:12
Mr.ggo*,impetus,india-indore,265,38,5.222,27/01/2018,True,31/07/2019 08:32:48
Mr.gpoudru*,impetus,india-noida,266,38,6.08,08/08/2017,True,05/08/2019 09:23:13
Mr.asbzyd*,impetus,india-bangalore,267,36,5.403,21/12/2018,True,04/07/2018 09:45:34
Mr.mukpljidm*,impetus,india-bangalore,268,40,5.19,08/04/2018,True,14/03/2019 11:47:46
Mr.rewuit*,impetus,india-bangalore,269,50,8.284,31/12/2017,True,11/06/2017 17:51:10
Mr.dmvyqkeam*,impetus,india-noida,270,95,8.479,15/03/2019,True,07/07/2017 06:10:50
Mr.hrkxcbrb*,impetus,india-bangalore,271,89,6.281,06/03/2018,True,04/11/2018 08:31:43
,impetus,india-noida,272,51,4.434,23/09/2018,True,07/12/2017 21:49:22
Mr.qvn*,impetus,,273,57,9.698,08/06/2017,True,27/04/2018 08:20:42
,impetus,india-noida,274,30,3.524,28/10/2018,True,10/05/2018 15:45:38
Mr.edpcja*,impetus,india-noida,275,42,7.338,07/05/2018,True,23/04/2017 15:41:11
Mr.gyhtypna*,impetus,india-bangalore,276,49,4.355,09/10/2018,True,01/09/2019 22:16:38
Mr.jvm*,impetus,india-indore,277,37,9.516,07/03/2017,True,02/08/2019 14:50:43
Mr.csdw*,impetus,india-bangalore,278,72,6.797,11/05/2018,True,19/09/2019 22:36:57
Mr.hosjm*,impetus,india-bangalore,279,39,3.872,27/07/2018,True,31/07/2017 10:25:32
Mr.phccaexm*,impetus,india-noida,280,53,7.798,06/02/2017,True,25/04/2018 03:24:29
Mr.bmqhgq*,impetus,india-noida,281,26,8.379,17/04/2019,True,05/03/2017 15:53:31
Mr.zkudcfrkvv*,impetus,india-indore,282,72,4.865,23/04/2017,True,29/12/2018 23:25:49
Mr.xymgltqwi*,impetus,india-indore,283,91,4.003,02/03/2018,True,09/07/2019 05:21:55
Mr.uuqnutrc*,impetus,india-noida,284,25,3.252,30/12/2017,True,08/05/2018 01:22:32
Mr.hpxyjncxnr*,impetus,india-bangalore,285,22,8.029,01/02/2019,True,20/12/2017 04:16:45
Mr.vht*,impetus,india-indore,286,30,8.898,20/02/2018,True,23/01/2018 13:27:11
Mr.mqaxynvuu*,impetus,india-indore,287,25,4.771,11/05/2019,True,05/01/2019 01:54:13
Mr.nfyst*,impetus,india-bangalore,288,84,8.766,26/07/2019,True,24/10/2018 20:54:59
Mr.lzfvrdsjr*,impetus,,289,60,9.234,04/06/2017,True,11/03/2017 13:08:33
Mr.tyvnbrz*,impetus,india-bangalore,290,47,4.801,09/03/2019,True,06/06/2019 07:30:02
Mr.yvcypychiz*,impetus,india-indore,291,82,9.436,15/06/2018,True,19/01/2017 06:03:31
Mr.iwtp*,impetus,india-noida,292,58,8.098,21/06/2017,True,26/07/2017 04:18:52
Mr.heyetzdi*,impetus,india-bangalore,293,31,3.586,11/05/2019,True,11/12/2018 07:50:43
,impetus,india-bangalore,294,89,3.899,27/08/2017,True,17/09/2019 07:05:33
Mr.sbdyjeftik*,,india-noida,295,83,7.923,14/02/2019,True,18/02/2018 20:47:26
Mr.pbfbxcj*,impetus,,296,23,9.253,17/01/2017,True,14/01/2018 12:29:35
Mr.xxs*,impetus,india-bangalore,297,89,8.713,03/06/2017,True,06/05/2018 14:07:13
Mr.lzqieb*,impetus,india-indore,298,82,4.301,01/01/2018,True,06/02/2019 03:20:15
Mr.hzmylsl*,impetus,india-noida,299,46,8.449,01/07/2017,True,09/11/2018 23:32:25
Mr.gclyjtqhf*,impetus,india-indore,300,68,3.274,09/09/2019,True,19/10/2017 05:36:55
Mr.tse*,,india-noida,301,75,4.287,03/08/2019,True,15/09/2017 06:11:52
Mr.tqaw*,impetus,india-bangalore,302,27,8.115,03/05/2019,True,22/05/2018 07:19:23
Mr.eywyes*,impetus,india-bangalore,303,91,8.653,07/08/2018,True,22/01/2018 00:19:54
Mr.rzcjomzgj*,impetus,india-bangalore,304,52,6.002,24/06/2017,True,12/10/2018 20:45:35
Mr.qnnrrxhzc*,impetus,india-bangalore,305,100,9.948,24/11/2018,True,22/11/2017 05:26:43
Mr.tcvylj*,impetus,india-noida,306,99,7.354,12/04/2017,True,24/06/2018 10:32:36
Mr.ial*,impetus,india-noida,307,42,8.989,17/06/2018,True,29/11/2017 04:26:14
Mr.twlzb*,impetus,india-noida,308,34,6.475,07/08/2017,True,12/03/2017 02:11:29
Mr.gskyaruj*,impetus,india-indore,309,49,9.394,01/12/2018,True,23/01/2019 16:52:00
Mr.yyzxcqe*,impetus,india-indore,310,94,3.983,09/06/2017,True,10/09/2018 15:06:49
Mr.quvs*,impetus,india-bangalore,311,58,4.439,02/12/2018,True,06/07/2017 17:35:43
Mr.oaffu*,impetus,india-bangalore,312,65,9.398,09/03/2019,True,23/05/2018 18:11:07
Mr.aahlkb*,impetus,india-noida,313,65,6.933,07/06/2017,True,06/12/2017 09:01:15
Mr.fej*,impetus,india-indore,314,63,3.826,13/04/2019,True,02/12/2018 11:35:39
,impetus,india-noida,315,34,7.053,14/12/2017,True,30/01/2018 10:54:51
Mr.ijf*,impetus,india-noida,316,67,8.102,12/11/2018,True,29/07/2018 02:05:28
Mr.appeqwobpl*,impetus,,317,91,5.727,26/09/2018,True,17/01/2017 08:51:43
Mr.medehvv*,impetus,india-noida,318,76,5.397,11/02/2019,True,10/02/2019 01:16:01
Mr.gyynsrjuc*,impetus,india-bangalore,319,65,8.287,03/02/2017,True,07/02/2017 07:09:07
Mr.vtkxuzpzw*,,india-bangalore,320,66,4.338,18/09/2018,True,31/07/2017 13:39:40
Mr.xqbztrlfxq*,impetus,india-indore,321,29,5.668,09/04/2017,True,15/03/2019 10:27:59
Mr.nmp*,impetus,india-noida,322,51,3.683,09/02/2019,True,12/10/2017 21:43:24
Mr.xreefxty*,impetus,india-noida,323,86,3.691,05/01/2018,True,05/12/2018 05:09:37
Mr.lutkb*,impetus,,324,95,8.08,21/09/2017,True,28/05/2017 20:26:15
Mr.traflmrszl*,impetus,,325,87,4.312,05/09/2018,True,04/05/2019 05:43:29
Mr.gdrnectc*,,india-indore,326,47,5.589,22/10/2017,True,17/07/2019 20:17:50
Mr.tppmx*,impetus,india-indore,327,63,4.947,21/03/2019,True,25/08/2018 04:21:55
,impetus,india-indore,328,57,8.126,03/11/2017,True,22/11/2018 11:10:35
Mr.nitpdlfg*,impetus,india-noida,329,43,7.566,29/11/2018,True,11/01/2017 17:07:29
Mr.qvuo*,impetus,india-indore,330,39,3.951,02/06/2018,True,14/08/2017 10:31:47
,impetus,india-bangalore,331,51,5.638,08/07/2018,True,01/06/2019 10:13:00
Mr.gwmzagofwp*,,india-indore,332,52,8.052,16/01/2019,True,01/04/2017 16:09:21
Mr.wnoqvm*,impetus,india-noida,333,58,4.172,26/07/2017,True,16/03/2017 02:43:21
Mr.zcxj*,impetus,india-indore,334,28,4.979,10/01/2019,True,13/05/2017 18:29:56
Mr.boizfd*,,india-indore,335,81,8.216,23/01/2017,True,22/07/2018 20:29:27
Mr.pyp*,impetus,india-bangalore,336,29,9.547,01/10/2017,True,10/11/2017 07:17:56
Mr.ymrlhgsnd*,impetus,india-bangalore,337,43,3.583,23/05/2017,True,11/05/2017 00:54:30
Mr.wyn*,impetus,india-noida,338,100,8.002,10/05/2019,True,25/04/2018 14:08:00
,,india-bangalore,339,44,7.386,06/07/2019,True,24/01/2019 19:23:23
Mr.mclopw*,impetus,india-bangalore,340,32,5.907,09/08/2018,True,26/11/2018 16:39:19
Mr.wdyjgxescx*,impetus,india-bangalore,341,73,4.744,27/05/2019,True,23/12/2018 05:46:30
Mr.asusvwpsu*,impetus,india-indore,342,53,8.996,01/04/2019,True,19/05/2019 00:50:33
Mr.rwaaymnpdt*,impetus,india-bangalore,343,29,4.7,07/05/2018,True,26/02/2019 20:45:16
Mr.irpm*,impetus,india-noida,344,84,8.008,26/05/2019,True,24/07/2019 23:26:05
Mr.bobabtypgz*,impetus,india-indore,345,96,6.372,29/03/2019,True,25/05/2019 19:06:07
Mr.pkapyx*,impetus,india-indore,346,81,9.107,15/03/2019,True,16/06/2018 00:06:34
Mr.tievoredq*,impetus,india-indore,347,71,3.083,20/09/2017,True,06/03/2018 19:21:58
,impetus,india-noida,348,100,7.737,23/06/2019,True,27/01/2018 10:22:17
Mr.fqyukviwfz*,impetus,india-bangalore,349,93,5.776,04/08/2018,True,03/09/2019 01:07:36
Mr.frbv*,impetus,india-noida,350,46,3.709,05/03/2018,True,25/08/2017 01:42:46
Mr.mdfw*,impetus,,351,61,5.16,23/07/2019,True,14/05/2017 13:15:57
Mr.pezg*,impetus,india-noida,352,30,4.514,10/08/2017,True,18/07/2019 09:22:46
Mr.rtxcdzdb*,impetus,india-noida,353,57,3.196,19/10/2017,True,12/07/2017 17:56:41
Mr.gcxebed*,impetus,,354,33,5.017,09/06/2019,True,25/11/2017 19:16:53
Mr.ihauj*,impetus,india-bangalore,355,85,3.007,26/08/2019,True,23/11/2017 02:48:27
Mr.pphi*,impetus,india-bangalore,356,88,7.752,23/07/2017,True,18/01/2019 10:59:45
Mr.aypo*,impetus,india-indore,357,78,3.916,29/04/2017,True,21/01/2018 18:34:33
Mr.qgbyhncge*,impetus,india-bangalore,358,48,3.716,26/05/2017,True,25/05/2018 21:46:28
Mr.fwonfqtaa*,impetus,india-bangalore,359,21,8.93,10/09/2017,True,26/11/2018 00:49:40
Mr.jaznr*,impetus,india-noida,360,88,9.856,19/08/2018,True,11/05/2019 19:32:06
Mr.rdz*,,india-indore,361,25,6.855,07/06/2018,True,07/08/2017 13:51:15
Mr.ouczina*,impetus,india-noida,362,46,6.904,09/01/2019,True,22/02/2019 11:52:36
Mr.erqxopdoj*,,india-bangalore,363,48,3.773,30/11/2018,True,04/11/2017 02:28:18
Mr.ullnqrwz*,impetus,india-bangalore,364,58,6.251,25/05/2018,True,03/06/2018 23:48:08
Mr.apl*,impetus,india-indore,365,68,6.546,21/08/2017,True,24/04/2018 03:17:54
Mr.xyxoy*,impetus,,366,81,3.126,05/09/2019,True,30/05/2019 00:04:24
Mr.bisdd*,impetus,india-noida,367,53,3.075,27/01/2017,True,02/10/2018 07:36:13
Mr.prquej*,impetus,india-indore,368,98,9.542,15/01/2019,True,16/05/2019 08:19:53
Mr.mmf*,impetus,india-bangalore,369,92,4.945,21/07/2018,True,25/01/2018 15:03:46
Mr.cvloij*,impetus,,370,76,3.706,23/12/2018,True,09/10/2019 06:22:41
Mr.ijnrmdx*,impetus,india-bangalore,371,96,9.276,13/03/2018,True,05/08/2019 13:06:39
Mr.otklmkoavt*,impetus,india-noida,372,29,6.238,10/08/2019,True,02/11/2018 19:04:40
Mr.iwezq*,impetus,india-noida,373,74,5.272,22/08/2018,True,12/06/2017 01:16:09
Mr.nsyeruayqa*,impetus,india-indore,374,26,7.142,20/04/2018,True,11/05/2018 02:06:50
Mr.kobk*,impetus,india-noida,375,86,4.84,02/10/2019,True,15/10/2018 11:14:31
Mr.xlhtyzun*,impetus,india-bangalore,376,34,8.977,04/09/2019,True,01/02/2018 07:04:50
Mr.ctpqqjcsj*,impetus,india-bangalore,377,89,8.916,07/05/2019,True,30/01/2017 22:23:22
Mr.hapnhjnoc*,impetus,,378,23,6.256,13/07/2018,True,05/10/2019 02:57:27
Mr.mfbotdyg*,impetus,india-noida,379,30,8.316,27/09/2018,True,11/05/2019 16:37:46
Mr.wwgbhiq*,impetus,india-indore,380,43,9.385,25/09/2017,True,01/11/2017 13:14:57
Mr.xkndf*,impetus,india-indore,381,95,9.032,10/11/2018,True,26/12/2017 08:20:00
Mr.abfxqti*,impetus,,382,40,9.527,08/11/2017,True,10/07/2019 08:38:38
Mr.mfzykys*,impetus,india-indore,383,93,4.026,25/04/2018,True,09/06/2017 06:41:01
Mr.jzqpexiutm*,impetus,india-noida,384,49,5.39,17/04/2018,True,21/08/2019 12:49:58
Mr.jlssnhw*,impetus,india-noida,385,50,4.235,01/01/2018,True,01/08/2017 03:22:47
Mr.wklooqzod*,,india-indore,386,33,7.281,24/11/2017,True,06/07/2018 11:00:06
Mr.rmtsbcwkva*,impetus,india-indore,387,62,6.683,12/11/2017,True,18/09/2019 22:20:19
Mr.zeygcvg*,impetus,india-bangalore,388,25,4.574,04/03/2019,True,21/09/2018 21:25:39
Mr.wswsndxg*,impetus,india-noida,389,24,6.88,16/01/2017,True,12/12/2018 05:18:30
Mr.qyrwla*,impetus,india-noida,390,61,4.908,26/12/2018,True,05/05/2018 15:55:55
Mr.bgm*,impetus,india-indore,391,49,9.01,25/02/2019,True,03/05/2017 15:51:00
Mr.vzuknqx*,impetus,india-indore,392,39,7.2,03/03/2019,True,16/05/2019 17:02:18
Mr.zldafm*,,india-indore,393,46,4.411,23/08/2017,True,13/01/2019 10:58:18
Mr.gchkqejqi*,impetus,india-bangalore,394,50,6.197,25/01/2018,True,29/09/2019 17:50:10
Mr.zrctlddxyx*,impetus,india-noida,395,96,5.626,24/08/2019,True,08/09/2017 18:22:43
Mr.uommsch*,impetus,india-indore,396,51,7.648,17/01/2017,True,29/05/2019 21:06:32
Mr.mlkx*,impetus,india-indore,397,51,6.121,22/08/2019,True,03/10/2018 01:21:19
Mr.bca*,impetus,india-indore,398,48,6.613,04/05/2018,True,20/04/2018 23:12:33
Mr.tnyevxjx*,impetus,,399,25,7.037,16/05/2017,True,26/08/2019 02:32:57
Mr.sfonzwffkf*,impetus,india-noida,400,100,9.317,18/07/2018,True,26/03/2018 02:31:28
Mr.huavxybc*,impetus,india-noida,401,24,7.157,09/01/2019,True,07/10/2018 16:26:45
Mr.oyl*,impetus,india-indore,402,90,5.845,01/04/2017,True,30/03/2017 23:18:43
Mr.ykhz*,impetus,india-bangalore,403,65,9.194,18/05/2019,True,02/08/2017 15:57:18
Mr.jnbzsz*,impetus,india-noida,404,70,3.979,04/03/2019,True,26/05/2019 04:32:21
Mr.refoltln*,,india-noida,405,70,9.259,17/10/2017,True,30/06/2019 15:57:39
Mr.rthtz*,impetus,india-bangalore,406,77,3.571,02/12/2018,True,16/08/2018 23:31:10
Mr.okpkvlfrgt*,,india-noida,407,60,9.806,22/05/2017,True,16/01/2018 16:27:34
Mr.ynp*,impetus,india-indore,408,38,6.586,01/02/2018,True,21/09/2017 07:27:17
Mr.ygrb*,impetus,india-bangalore,409,49,8.701,11/11/2017,True,30/12/2018 06:34:08
Mr.bvuatqpb*,impetus,india-noida,410,86,4.273,07/10/2018,True,01/08/2017 03:00:03
Mr.cftlfyvbah*,impetus,india-indore,411,20,3.352,27/08/2019,True,12/10/2018 03:27:04
Mr.jkmem*,,india-noida,412,65,9.126,23/01/2019,True,01/06/2018 11:28:28
Mr.xyycztnbki*,impetus,india-noida,413,94,8.477,27/10/2018,True,20/11/2018 07:44:57
Mr.mtoacuam*,impetus,,414,50,7.095,16/01/2017,True,13/09/2019 13:38:12
Mr.yjuvc*,impetus,india-indore,415,68,9.686,28/11/2018,True,05/02/2019 13:40:24
Mr.jfulcqlw*,,india-indore,416,55,9.329,12/06/2018,True,03/02/2018 13:43:32
Mr.fpttxjohdg*,,india-bangalore,417,20,8.654,09/12/2017,True,24/12/2018 12:11:28
Mr.ppvoiv*,impetus,india-indore,418,98,3.85,08/01/2018,True,04/03/2017 23:41:13
Mr.lbkzmidm*,impetus,india-noida,419,99,7.037,10/04/2017,True,21/01/2018 11:34:00
Mr.lkvpkxac*,impetus,india-bangalore,420,84,8.402,31/07/2018,True,02/03/2019 12:18:38
Mr.csibmzmco*,impetus,,421,20,9.459,25/02/2017,True,10/08/2018 21:58:57
Mr.svewzf*,impetus,india-noida,422,81,3.032,09/10/2019,True,09/07/2017 23:38:13
Mr.xslplx*,impetus,india-indore,423,87,4.288,16/07/2018,True,27/02/2017 12:44:58
Mr.srjgmg*,impetus,india-bangalore,424,67,5.43,03/06/2018,True,27/03/2018 06:30:09
Mr.ivkbqxdng*,impetus,india-noida,425,43,8.829,30/11/2017,True,08/10/2018 04:05:58
Mr.lvxk*,impetus,india-bangalore,426,88,8.075,10/03/2018,True,03/02/2019 23:53:15
Mr.xpludmffh*,impetus,india-indore,427,67,5.926,15/07/2019,True,09/11/2017 19:37:28
Mr.gwuanqqain*,impetus,india-bangalore,428,37,6.658,16/10/2017,True,26/08/2018 05:27:36
Mr.ashmpd*,impetus,india-noida,429,41,7.834,16/01/2017,True,11/06/2018 17:17:44
Mr.kchnes*,impetus,india-indore,430,50,3.492,06/07/2017,True,01/02/2017 09:49:03
Mr.jxo*,,india-indore,431,48,9.327,19/02/2017,True,13/10/2018 14:18:53
Mr.kayrw*,impetus,india-noida,432,83,9.529,04/09/2017,True,04/01/2019 06:42:36
Mr.zfbmoqls*,impetus,india-indore,433,55,4.406,02/10/2019,True,01/09/2017 05:32:11
,impetus,,434,42,4.91,08/12/2017,True,14/03/2018 07:30:34
Mr.olwvgcydx*,impetus,india-indore,435,86,9.725,29/07/2018,True,03/09/2018 07:07:23
Mr.lvlgbdqrm*,impetus,,436,57,3.291,08/04/2017,True,22/07/2018 21:09:54
Mr.ylc*,impetus,india-bangalore,437,22,3.596,12/04/2017,True,29/04/2017 06:48:38
Mr.ike*,impetus,india-bangalore,438,74,8.782,18/09/2019,True,22/10/2017 22:41:54
Mr.sdmb*,impetus,india-indore,439,24,4.019,27/08/2018,True,19/11/2018 03:43:34
Mr.mohck*,impetus,india-bangalore,440,25,7.924,02/04/2017,True,30/01/2018 13:40:16
Mr.wdmhhz*,impetus,india-indore,441,26,8.505,16/06/2018,True,25/03/2019 16:58:27
Mr.dahkwvhsfm*,impetus,india-indore,442,60,5.166,10/02/2018,True,23/05/2017 06:20:38
Mr.faqh*,impetus,india-indore,443,87,6.386,18/06/2019,True,24/04/2019 22:02:03
,,india-bangalore,444,69,8.518,19/04/2017,True,29/07/2017 15:19:05
Mr.prpg*,impetus,india-bangalore,445,41,9.515,30/07/2017,True,27/12/2017 01:39:47
Mr.ybkb*,impetus,india-noida,446,57,9.855,04/11/2018,True,06/12/2018 17:46:45
Mr.pmjwoujvav*,impetus,india-bangalore,447,98,8.784,30/09/2019,True,31/03/2017 16:16:34
Mr.wmypjfytp*,impetus,india-bangalore,448,30,6.968,14/03/2019,True,12/04/2018 01:42:12
Mr.yccsfykkh*,impetus,india-noida,449,60,9.139,27/05/2018,True,21/09/2017 16:02:56
Mr.fpx*,impetus,india-bangalore,450,58,3.92,14/12/2018,True,29/01/2018 22:20:29
Mr.yocnpzdmy*,impetus,india-bangalore,451,48,5.439,20/09/2018,True,08/08/2019 10:03:11
Mr.lyupksqrh*,,india-bangalore,452,88,9.273,27/07/2018,True,19/08/2019 10:28:16
,impetus,india-indore,453,87,7.16,08/10/2018,True,25/09/2019 01:46:58
Mr.tvbdtd*,impetus,india-noida,454,86,7.421,11/07/2017,True,12/02/2018 06:43:24
Mr.bapycdfmwi*,impetus,india-noida,455,52,8.805,21/08/2017,True,03/07/2018 10:48:16
Mr.tnqpocvaa*,impetus,india-noida,456,48,6.693,25/09/2019,True,07/03/2019 06:32:01
Mr.eatxrt*,impetus,india-indore,457,71,6.637,29/06/2018,True,05/07/2019 15:23:00
Mr.ursyxfba*,impetus,india-noida,458,35,5.212,03/03/2017,True,08/10/2019 05:14:39
,impetus,india-indore,459,29,8.419,04/10/2018,True,22/01/2019 00:50:37
Mr.tkpxm*,impetus,india-bangalore,460,58,7.621,05/12/2018,True,28/09/2018 00:53:07
Mr.vww*,impetus,india-noida,461,60,4.915,01/05/2018,True,12/12/2017 07:43:51
Mr.pvtpsnvqqm*,impetus,,462,32,3.59,16/05/2018,True,20/07/2018 14:23:14
,impetus,india-indore,463,88,9.65,10/06/2019,True,24/11/2017 23:31:44
Mr.abdh*,impetus,india-noida,464,84,3.806,14/11/2018,True,06/07/2017 05:29:11
Mr.aiscnwcn*,impetus,india-indore,465,20,7.711,01/06/2018,True,25/05/2018 02:46:27
Mr.onivanrfmt*,,india-bangalore,466,26,3.094,10/05/2017,True,01/03/2019 08:51:06
Mr.pswhcopbrk*,impetus,india-indore,467,74,4.353,15/09/2018,True,13/06/2018 04:58:36
Mr.xbxlq*,impetus,india-noida,468,69,3.847,25/03/2018,True,30/08/2018 10:19:59
Mr.inmojdw*,impetus,india-bangalore,469,53,4.31,19/08/2018,True,29/09/2018 06:46:23
Mr.iuekopq*,impetus,india-indore,470,32,9.037,22/02/2018,True,28/09/2019 13:29:51
Mr.tmjtqeclnn*,impetus,india-bangalore,471,57,5.001,15/08/2017,True,20/02/2017 20:20:37
Mr.mgisttljo*,impetus,india-noida,472,74,3.102,16/07/2019,True,19/02/2017 14:56:12
Mr.xdvhrgqjnx*,impetus,india-bangalore,473,37,9.389,08/10/2019,True,08/08/2018 03:39:46
Mr.vhkdvcu*,impetus,india-indore,474,47,8.684,22/01/2019,True,06/08/2017 03:55:34
Mr.nzx*,impetus,india-noida,475,26,8.846,13/04/2019,True,05/02/2017 22:16:14
Mr.ydwm*,impetus,india-indore,476,28,7.277,10/02/2017,True,28/05/2018 00:30:44
Mr.dlipr*,,,477,88,9.18,05/03/2018,True,22/10/2017 01:35:13
Mr.zhzfmqen*,impetus,india-indore,478,35,8.988,10/01/2018,True,18/05/2018 15:56:51
Mr.itw*,impetus,,479,48,9.827,26/10/2017,True,23/12/2017 23:39:23
Mr.bsfbm*,impetus,india-indore,480,28,5.859,01/12/2018,True,14/04/2019 07:37:59
,impetus,india-noida,481,90,9.69,14/07/2018,True,02/05/2018 09:48:20
Mr.ccykzobz*,impetus,india-bangalore,482,73,8.156,23/09/2017,True,09/05/2018 19:03:52
Mr.zdz*,,india-bangalore,483,90,5.126,06/05/2019,True,06/03/2018 22:06:39
Mr.pcoahund*,impetus,india-indore,484,81,3.2,28/08/2018,True,14/11/2017 03:14:37
Mr.ajt*,impetus,india-indore,485,26,7.399,01/02/2017,True,19/08/2017 16:13:40
Mr.kxc*,,india-bangalore,486,70,6.382,23/01/2017,True,16/10/2018 21:22:42
Mr.yxbztwol*,impetus,india-noida,487,30,9.001,12/03/2018,True,13/08/2019 10:57:09
,impetus,india-bangalore,488,77,6.629,28/10/2017,True,15/03/2018 05:50:49
Mr.esq*,impetus,,489,77,8.245,17/03/2019,True,24/05/2017 16:39:40
Mr.hakyskfo*,impetus,india-noida,490,71,6.108,25/03/2019,True,22/02/2019 12:27:47
Mr.athegla*,,india-noida,491,34,8.416,02/05/2019,True,26/05/2018 01:28:08
Mr.vcsvbnxvj*,impetus,india-noida,492,42,7.326,17/03/2018,True,03/09/2019 08:49:54
Mr.fwww*,impetus,,493,42,3.02,09/07/2019,True,07/06/2019 17:59:13
Mr.bwluszq*,impetus,india-bangalore,494,40,8.887,14/09/2019,True,16/02/2019 20:06:51
Mr.odtqqo*,,india-indore,495,33,4.953,16/10/2018,True,20/02/2017 08:01:46
Mr.axoc*,impetus,india-indore,496,28,4.014,03/06/2018,True,25/08/2018 06:32:38
Mr.igekm*,impetus,india-indore,497,65,6.251,24/06/2019,True,08/02/2017 17:31:11
Mr.iyxdvrxn*,impetus,india-indore,498,43,3.527,22/01/2017,True,19/11/2018 03:56:52
Mr.yqk*,,india-noida,499,49,5.416,28/04/2017,True,21/10/2017 22:29:30
Mr.dfesofhb*,impetus,india-noida,500,52,5.523,13/09/2019,True,09/09/2018 20:13:01
Mr.hwgdwy*,impetus,india-noida,501,47,6.92,08/07/2017,True,28/04/2019 18:43:29
Mr.twdwcxp*,impetus,india-indore,502,81,3.025,30/08/2019,True,28/02/2019 00:09:13
,impetus,india-noida,503,57,5.732,20/03/2017,True,12/08/2018 21:55:02
Mr.ojs*,impetus,india-bangalore,504,51,8.498,20/03/2018,True,23/02/2018 20:41:51
Mr.rhfdq*,impetus,india-indore,505,39,5.681,22/04/2018,True,29/08/2019 11:02:11
,impetus,india-noida,506,92,6.579,17/05/2017,True,23/02/2018 00:44:51
Mr.zlwxbcvv*,impetus,india-noida,507,61,4.261,21/05/2018,True,13/03/2017 17:18:54
Mr.bnpzmha*,impetus,india-indore,508,58,5.834,30/05/2017,True,22/02/2017 04:53:44
Mr.taevyi*,impetus,india-bangalore,509,88,6.792,05/05/2019,True,14/05/2017 06:19:33
Mr.rzntesj*,impetus,india-noida,510,75,3.133,05/11/2017,True,24/04/2019 02:19:06
Mr.yccapfz*,impetus,india-indore,511,61,4.72,09/11/2018,True,15/01/2018 00:34:42
Mr.vsdzuosc*,impetus,india-bangalore,512,81,4.838,13/04/2017,True,22/04/2019 22:42:26
Mr.fuexg*,impetus,india-indore,513,53,4.655,26/12/2018,True,19/07/2018 02:46:18
Mr.hiixzkifla*,impetus,india-noida,514,22,9.296,18/10/2017,True,08/12/2018 14:50:23
Mr.nlirscyzva*,impetus,india-indore,515,34,3.719,01/10/2019,True,26/03/2018 07:24:55
Mr.facempj*,impetus,india-noida,516,34,5.024,10/02/2018,True,04/10/2018 02:27:35
Mr.rbwutlum*,impetus,india-indore,517,60,5.946,17/04/2017,True,14/06/2017 12:47:35
Mr.vgadgtc*,impetus,india-indore,518,35,7.117,15/03/2017,True,12/05/2017 06:20:20
Mr.jfmfxlne*,impetus,india-indore,519,41,4.452,12/10/2017,True,28/03/2019 23:54:47
Mr.ixzorohg*,impetus,india-noida,520,29,8.57,14/12/2018,True,04/02/2018 07:29:40
Mr.glxkr*,impetus,india-indore,521,77,4.044,16/05/2019,True,22/08/2019 06:36:46
Mr.sofx*,impetus,india-bangalore,522,55,5.053,07/01/2018,True,26/02/2017 11:28:22
Mr.iiawhlh*,impetus,india-noida,523,91,4.482,18/05/2017,True,27/03/2019 21:56:14
Mr.pbzudlf*,impetus,india-noida,524,95,6.571,16/02/2019,True,14/12/2017 04:23:29
Mr.fupnra*,impetus,,525,94,4.615,24/05/2019,True,04/03/2017 09:07:55
Mr.jfovexpg*,impetus,india-bangalore,526,30,3.349,17/05/2017,True,07/12/2017 21:14:05
,impetus,india-bangalore,527,74,3.552,09/09/2019,True,23/09/2017 06:29:31
Mr.jsxhmraa*,impetus,india-indore,528,90,9.325,16/12/2018,True,17/01/2017 10:55:55
Mr.wpvxo*,,india-bangalore,529,72,9.856,29/07/2019,True,29/10/2018 07:59:56
,impetus,india-noida,530,48,4.439,21/04/2019,True,11/01/2017 14:07:09
Mr.jaik*,impetus,india-bangalore,531,37,7.089,23/12/2017,True,27/01/2018 20:23:47
Mr.xnadz*,impetus,india-bangalore,532,69,7.685,08/03/2018,True,22/07/2017 13:16:03
Mr.yiayb*,impetus,india-noida,533,20,3.295,29/08/2018,True,26/09/2018 04:47:13
Mr.tepxtn*,impetus,india-indore,534,73,3.439,13/04/2019,True,25/09/2019 16:52:13
Mr.qptmzdn*,,india-bangalore,535,80,6.942,04/02/2019,True,19/02/2019 05:10:51
Mr.lwralhu*,impetus,india-bangalore,536,23,9.874,12/09/2017,True,28/03/2019 04:48:36
Mr.dqhj*,,india-bangalore,537,92,8.57,18/03/2019,True,27/12/2017 10:34:25
Mr.oiqyoow*,impetus,india-indore,538,47,5.973,12/08/2018,True,19/12/2018 13:47:00
,impetus,india-indore,539,89,6.337,30/07/2018,True,06/12/2018 13:51:47
,impetus,india-indore,540,26,4.753,07/04/2019,True,25/08/2017 18:38:31
Mr.dhkwrszol*,impetus,india-bangalore,541,96,3.852,29/11/2018,True,20/08/2017 10:52:29
Mr.pyymqa*,impetus,india-noida,542,98,9.048,03/04/2019,True,11/06/2017 01:12:25
Mr.cqlghmpgp*,impetus,india-indore,543,25,8.326,11/08/2018,True,22/04/2019 11:16:56
Mr.jmli*,impetus,india-bangalore,544,69,8.539,24/06/2018,True,18/04/2017 13:19:47
Mr.cdtls*,impetus,india-bangalore,545,38,7.642,21/02/2018,True,12/10/2018 15:16:16
Mr.zifftupvgb*,,india-noida,546,80,8.531,18/05/2017,True,15/02/2019 21:25:35
Mr.ezte*,,india-indore,547,73,8.43,24/05/2019,True,14/12/2018 02:12:52
Mr.sfswjp*,impetus,india-indore,548,69,7.663,19/05/2018,True,02/10/2018 19:43:51
Mr.ydffefoybm*,impetus,india-indore,549,73,8.917,24/10/2018,True,09/03/2017 22:31:20
Mr.tmgjfl*,impetus,india-indore,550,48,3.857,03/04/2019,True,08/02/2018 20:34:12
Mr.ldwnh*,impetus,india-bangalore,551,88,7.557,26/09/2019,True,19/02/2017 11:10:02
Mr.olphbhgrqf*,impetus,india-bangalore,552,93,9.287,05/08/2018,True,21/04/2019 09:29:21
Mr.ttbffyffzi*,impetus,india-noida,553,30,4.798,25/07/2017,True,25/07/2017 14:44:29
Mr.dujmfqg*,impetus,,554,91,9.421,03/02/2019,True,04/09/2018 14:04:43
Mr.xvxcd*,impetus,india-noida,555,35,9.62,11/01/2018,True,09/03/2018 07:45:11
,impetus,india-noida,556,76,4.671,29/08/2017,True,24/04/2017 08:26:40
Mr.zlovtcq*,impetus,india-bangalore,557,70,6.48,22/05/2017,True,03/04/2017 12:02:53
Mr.ybf*,impetus,india-bangalore,558,82,8.1,19/02/2018,True,22/04/2018 12:42:38
Mr.luusopm*,impetus,,559,69,6.39,05/09/2017,True,06/09/2019 17:17:48
Mr.fccgnycwhk*,impetus,india-bangalore,560,48,5.593,06/08/2019,True,13/06/2017 12:20:49
Mr.ratld*,impetus,india-indore,561,67,5.706,19/09/2018,True,27/12/2018 12:32:25
Mr.jhmgyezqhb*,impetus,india-noida,562,97,6.348,03/09/2017,True,11/02/2018 00:04:06
Mr.abse*,impetus,india-indore,563,23,6.384,25/04/2018,True,27/01/2018 05:41:24
Mr.uxorra*,,india-noida,564,37,6.969,12/02/2017,True,01/03/2019 20:17:31
Mr.lyc*,impetus,india-indore,565,76,5.891,24/01/2017,True,29/10/2017 07:06:57
Mr.pqnnpgbfv*,impetus,india-bangalore,566,88,4.911,15/04/2018,True,19/10/2017 17:06:39
Mr.xbjyqlac*,impetus,india-noida,567,31,7.261,16/04/2019,True,28/11/2017 11:33:31
Mr.miaqcgvlo*,impetus,india-indore,568,87,9.76,21/10/2018,True,13/04/2018 10:50:22
Mr.uezdxg*,,india-noida,569,41,4.614,08/03/2019,True,21/01/2017 05:36:11
Mr.gcr*,impetus,india-bangalore,570,70,8.706,27/06/2017,True,01/03/2019 04:06:39
Mr.ceazh*,impetus,india-bangalore,571,31,5.96,05/11/2018,True,06/11/2018 21:40:09
Mr.ajlioqfyc*,impetus,india-noida,572,45,6.436,08/07/2018,True,28/11/2017 16:03:27
Mr.lxmdvex*,impetus,india-noida,573,22,6.383,09/09/2018,True,30/08/2018 15:11:12
Mr.ecysxb*,impetus,india-noida,574,52,5.965,23/06/2018,True,10/05/2017 18:47:46
,impetus,india-indore,575,78,5.4,11/08/2017,True,22/10/2017 03:39:09
Mr.tybvitb*,impetus,india-bangalore,576,23,7.932,09/09/2018,True,02/03/2017 12:06:56
Mr.aworyvn*,impetus,india-noida,577,70,3.213,18/05/2017,True,04/04/2017 06:02:52
Mr.ppap*,impetus,india-bangalore,578,98,8.091,09/03/2018,True,30/03/2018 16:42:39
Mr.fpmskwcjdn*,,india-indore,579,38,7.256,30/01/2018,True,01/09/2018 17:42:58
Mr.owsyg*,impetus,india-indore,580,81,3.455,20/01/2019,True,06/02/2017 15:06:37
Mr.dpo*,impetus,india-noida,581,73,7.084,27/03/2019,True,19/06/2018 07:01:18
Mr.ozukl*,impetus,india-indore,582,23,6.83,05/12/2017,True,07/05/2017 01:14:48
Mr.tgkbrrc*,impetus,,583,45,3.037,25/12/2017,True,30/07/2017 06:04:40
Mr.ctizpzfzl*,impetus,india-indore,584,99,4.064,13/09/2017,True,04/11/2017 17:31:45
Mr.zdctcverkv*,impetus,india-bangalore,585,82,7.318,09/05/2017,True,21/10/2018 01:07:02
Mr.fvrbptsjm*,impetus,india-indore,586,38,9.628,09/01/2018,True,30/06/2019 03:23:11
Mr.znppolbg*,impetus,india-noida,587,57,7.11,15/08/2017,True,18/06/2017 04:07:39
,impetus,india-indore,588,23,4.884,31/03/2017,True,20/06/2017 04:15:45
Mr.rbab*,impetus,india-bangalore,589,94,5.067,27/09/2017,True,22/06/2018 16:59:47
Mr.jsrrkthln*,impetus,india-bangalore,590,85,9.439,18/04/2017,True,12/08/2019 00:26:30
Mr.krqvpvplj*,impetus,india-indore,591,81,7.781,01/03/2018,True,01/10/2017 04:50:12
Mr.vzkjyyfz*,impetus,india-indore,592,39,9.182,04/05/2019,True,02/03/2017 00:34:30
Mr.jgxzmcytc*,impetus,india-indore,593,24,9.81,13/12/2017,True,15/04/2018 20:39:35
,impetus,india-noida,594,69,4.666,23/10/2018,True,08/04/2017 00:47:45
Mr.qvzxjoqg*,impetus,india-noida,595,96,4.287,10/06/2019,True,13/03/2018 22:20:10
Mr.bdqbgsff*,,india-bangalore,596,49,4.457,16/03/2017,True,20/03/2018 13:26:57
,impetus,india-noida,597,22,3.188,13/12/2018,True,19/12/2018 04:05:46
Mr.cxkkjyg*,impetus,india-noida,598,69,6.918,17/02/2018,True,09/02/2019 05:34:06
Mr.rdjpvp*,impetus,india-bangalore,599,49,6.053,04/02/2017,True,01/08/2017 07:10:42
Mr.lhth*,impetus,india-indore,600,97,6.575,16/07/2018,True,15/10/2018 19:52:02
Mr.lbbjid*,impetus,india-bangalore,601,88,3.038,25/01/2019,True,21/06/2017 21:30:44
Mr.sfyojmzr*,impetus,india-bangalore,602,70,5.121,15/11/2017,True,08/04/2017 23:57:45
,impetus,india-indore,603,67,7.18,14/11/2017,True,14/08/2019 14:11:51
Mr.rdkkpe*,impetus,india-indore,604,21,4.092,14/08/2018,True,01/11/2018 13:32:53
Mr.yvkoorp*,impetus,,605,40,4.349,24/11/2017,True,07/04/2017 23:58:04
Mr.bjl*,impetus,india-noida,606,82,9.628,05/04/2018,True,23/09/2017 13:57:29
Mr.enlanbh*,impetus,,607,40,9.189,27/04/2019,True,09/10/2018 19:21:35
Mr.xiekh*,impetus,india-indore,608,53,5.264,28/05/2017,True,09/02/2017 09:24:38
Mr.sanlqh*,impetus,india-noida,609,28,4.533,09/05/2017,True,17/09/2019 04:13:04
Mr.kbixkce*,impetus,india-noida,610,86,7.172,03/06/2018,True,12/04/2019 05:46:14
,impetus,india-noida,611,33,5.352,28/03/2018,True,07/04/2017 10:35:17
Mr.wdvjhmqyhc*,impetus,india-indore,612,47,6.079,10/12/2018,True,24/11/2018 04:15:12
Mr.idiwlnp*,impetus,india-noida,613,63,9.108,03/12/2018,True,11/10/2018 21:54:18
Mr.lkt*,impetus,india-noida,614,33,4.58,04/02/2018,True,04/10/2019 19:04:31
Mr.fxnrqk*,impetus,india-bangalore,615,27,5.359,31/08/2017,True,11/02/2019 18:56:20
Mr.bzjpg*,impetus,india-noida,616,73,6.544,19/03/2017,True,03/02/2017 16:10:05
Mr.jliy*,impetus,india-indore,617,49,4.258,14/05/2018,True,11/07/2017 09:59:06
Mr.npghcc*,,india-bangalore,618,45,4.478,11/08/2019,True,30/09/2018 23:22:26
Mr.mnfmgj*,impetus,india-bangalore,619,74,8.121,16/06/2017,True,01/11/2018 20:17:16
Mr.clvtxjoqxo*,impetus,india-noida,620,39,4.361,26/04/2018,True,05/07/2017 21:16:01
Mr.ctgxzfstu*,impetus,india-noida,621,23,6.742,10/06/2018,True,10/10/2019 14:45:52
Mr.upui*,,india-indore,622,28,5.919,23/11/2018,True,17/07/2017 12:19:20
Mr.iloec*,impetus,india-indore,623,85,7.27,18/05/2017,True,11/03/2017 05:53:17
Mr.qdtjgnvkk*,impetus,india-noida,624,48,8.604,31/10/2017,True,10/07/2018 22:51:40
Mr.zsdqezih*,impetus,india-indore,625,43,9.617,23/10/2018,True,16/12/2018 14:25:51
,impetus,india-noida,626,86,4.705,12/02/2017,True,21/01/2017 01:13:04
Mr.dcqoqlh*,impetus,india-indore,627,34,9.54,08/12/2017,True,02/02/2019 21:38:45
Mr.yoojfux*,impetus,india-indore,628,56,9.972,15/11/2018,True,13/07/2018 02:24:41
Mr.quv*,impetus,india-bangalore,629,23,5.038,02/06/2017,True,06/12/2018 18:43:36
Mr.koblwiffr*,impetus,india-bangalore,630,46,8.036,06/08/2019,True,01/06/2019 09:41:10
Mr.jkqnss*,impetus,india-noida,631,50,7.559,23/02/2017,True,02/03/2017 03:36:30
Mr.irhk*,impetus,india-bangalore,632,25,8.306,04/09/2019,True,14/12/2018 13:41:38
Mr.byuyww*,,,633,65,6.216,12/04/2017,True,01/06/2018 10:13:28
Mr.vzjeohso*,impetus,,634,42,7.147,03/01/2019,True,10/03/2018 23:18:11
Mr.uonlklbxky*,impetus,india-bangalore,635,33,5.476,24/09/2019,True,18/08/2017 18:56:33
Mr.rzd*,impetus,india-indore,636,93,9.283,16/03/2017,True,04/09/2017 01:33:23
Mr.ifvjycqqkz*,impetus,india-indore,637,36,6.366,21/08/2019,True,13/08/2018 16:55:58
Mr.emmeotzom*,,india-bangalore,638,86,5.414,05/10/2018,True,12/11/2018 14:45:15
Mr.wnpcowvcm*,impetus,india-noida,639,74,9.72,14/05/2019,True,06/09/2017 04:08:27
Mr.eyd*,impetus,india-noida,640,49,4.46,30/11/2017,True,29/04/2017 23:49:47
Mr.mcwhorhtbj*,impetus,india-indore,641,28,9.225,02/04/2019,True,30/07/2017 19:19:55
Mr.weqfnvil*,,india-indore,642,62,6.794,03/10/2018,True,25/08/2018 14:36:08
Mr.obcnpjwjz*,impetus,india-bangalore,643,96,7.547,26/01/2019,True,15/02/2019 04:59:26
Mr.zbhmemyawa*,impetus,india-noida,644,55,3.517,01/12/2018,True,03/07/2017 01:06:38
Mr.wyxhacboa*,impetus,india-bangalore,645,88,7.236,13/07/2017,True,23/02/2017 19:52:54
,impetus,india-bangalore,646,54,4.041,27/11/2017,True,23/04/2017 13:40:34
Mr.wzdzqhly*,impetus,india-bangalore,647,100,7.251,03/06/2018,True,09/03/2018 14:53:05
Mr.avu*,impetus,india-indore,648,77,8.887,10/02/2018,True,28/09/2019 11:39:45
Mr.aaiu*,impetus,india-bangalore,649,98,5.732,26/09/2018,True,12/02/2019 06:00:06
Mr.llldgmstt*,impetus,,650,28,4.339,20/09/2018,True,16/12/2018 17:43:06
Mr.buphnb*,impetus,india-bangalore,651,76,4.94,20/11/2018,True,17/06/2019 09:20:17
Mr.zisopqx*,impetus,india-bangalore,652,47,9.723,15/04/2019,True,06/02/2019 18:32:43
Mr.suwmrabd*,impetus,india-bangalore,653,100,3.535,18/12/2018,True,08/03/2018 03:12:40
Mr.hlnkxmi*,impetus,india-bangalore,654,34,8.504,29/07/2017,True,29/01/2018 17:29:58
Mr.axourgllxk*,impetus,india-indore,655,70,9.478,28/10/2018,True,21/04/2017 13:32:23
Mr.avvcb*,impetus,india-bangalore,656,50,6.64,04/01/2019,True,08/07/2018 19:19:46
Mr.zozitnk*,impetus,india-noida,657,92,7.264,15/08/2018,True,25/04/2017 15:08:01
Mr.ino*,impetus,india-indore,658,66,3.348,09/08/2017,True,02/02/2019 02:24:46
Mr.jqkm*,impetus,india-indore,659,66,3.31,14/02/2019,True,31/03/2017 18:49:01
Mr.ivxgfs*,impetus,india-indore,660,76,6.34,14/08/2019,True,22/11/2018 10:23:45
,impetus,india-noida,661,42,5.953,21/09/2018,True,06/08/2017 17:19:22
Mr.yrtfl*,impetus,india-indore,662,99,5.5,14/01/2019,True,24/09/2019 00:14:44
Mr.syaij*,impetus,india-noida,663,83,5.772,19/01/2017,True,28/05/2019 08:50:58
Mr.bzghzvyx*,impetus,india-indore,664,51,4.565,07/05/2019,True,10/01/2019 22:15:47
Mr.yzwu*,impetus,india-noida,665,100,7.861,10/08/2019,True,16/10/2018 07:47:02
Mr.baxpvxxttc*,impetus,india-indore,666,62,9.936,03/06/2019,True,04/05/2017 00:33:08
Mr.pflynqfs*,impetus,india-noida,667,96,6.829,18/12/2018,True,06/09/2018 05:32:14
Mr.hkkhnrjxv*,impetus,india-bangalore,668,94,7.253,29/03/2018,True,30/04/2019 06:15:15
Mr.oarhlry*,impetus,india-noida,669,80,5.156,21/06/2018,True,08/06/2017 23:25:41
,impetus,india-bangalore,670,47,9.181,17/04/2019,True,25/02/2018 08:18:05
Mr.zzlmgduesb*,impetus,india-bangalore,671,90,4.754,26/04/2018,True,19/04/2018 00:56:23
Mr.gwewdk*,impetus,india-noida,672,83,9.125,21/04/2018,True,22/06/2017 02:35:42
Mr.zyktpen*,impetus,,673,62,3.425,12/06/2019,True,28/01/2017 17:04:06
Mr.xkwpq*,impetus,india-noida,674,67,6.236,12/11/2018,True,30/09/2018 19:05:54
Mr.tgcw*,impetus,india-noida,675,92,6.284,06/06/2019,True,26/05/2017 10:36:08
Mr.gdfqtp*,impetus,india-noida,676,78,8.149,30/01/2017,True,10/05/2017 04:30:35
Mr.uzwxhjodbk*,impetus,india-indore,677,83,4.459,26/10/2018,True,18/12/2018 07:21:34
Mr.pamkbfnep*,impetus,india-bangalore,678,100,3.106,13/11/2018,True,18/06/2017 09:37:15
Mr.plyrhoy*,impetus,india-bangalore,679,70,3.431,13/11/2017,True,06/09/2019 17:25:28
Mr.hwmfcrhyz*,impetus,india-bangalore,680,81,9.409,19/03/2018,True,30/05/2017 05:59:54
,impetus,,681,48,8.148,01/03/2019,True,04/03/2019 22:28:50
Mr.hebvfn*,,,682,69,5.006,13/03/2017,True,19/10/2018 01:44:56
Mr.hngrvn*,impetus,india-noida,683,84,4.277,13/07/2019,True,21/01/2017 08:11:42
Mr.ptyjegs*,impetus,india-indore,684,28,3.181,21/05/2019,True,16/09/2017 23:21:24
Mr.gfzbdyb*,,india-bangalore,685,82,9.906,02/03/2017,True,18/09/2018 04:43:26
Mr.sxxjnz*,impetus,india-bangalore,686,38,8.353,19/07/2019,True,22/03/2017 01:12:51
Mr.jprdww*,impetus,india-noida,687,99,3.696,08/07/2019,True,27/02/2018 22:35:21
Mr.mvdvhiwnu*,impetus,india-bangalore,688,53,4.262,27/10/2018,True,07/07/2017 17:20:50
Mr.svnhd*,,india-noida,689,72,4.287,18/11/2018,True,19/09/2017 10:56:16
Mr.kwaahfj*,impetus,,690,96,5.932,11/01/2019,True,22/05/2017 06:30:16
Mr.htvvg*,impetus,india-indore,691,99,5.382,11/09/2017,True,17/02/2018 00:57:29
,impetus,india-noida,692,63,9.567,28/07/2019,True,10/04/2017 01:27:37
Mr.cuwvpfu*,impetus,india-noida,693,96,8.019,20/06/2018,True,15/04/2018 05:37:20
Mr.wzji*,impetus,india-noida,694,46,7.786,12/03/2017,True,24/04/2017 11:34:47
Mr.oqcyfrv*,impetus,india-bangalore,695,87,8.536,21/06/2018,True,02/09/2017 03:33:49
Mr.vrig*,impetus,india-bangalore,696,96,6.515,25/07/2017,True,11/09/2017 11:04:25
Mr.qnveri*,impetus,india-bangalore,697,35,3.907,13/06/2019,True,04/12/2018 02:19:33
,impetus,india-bangalore,698,54,3.294,23/02/2019,True,03/02/2019 04:11:39
Mr.zato*,impetus,india-bangalore,699,78,3.406,04/08/2018,True,03/01/2019 10:07:53
,,india-indore,700,89,8.543,05/04/2018,True,17/08/2017 21:45:04
Mr.vqqjxth*,impetus,india-indore,701,73,9.787,16/04/2018,True,06/08/2017 04:03:06
Mr.dbuok*,impetus,india-indore,702,67,7.055,10/01/2018,True,15/11/2018 20:27:05
,impetus,india-noida,703,32,4.699,21/07/2019,True,02/04/2018 12:06:51
Mr.yuptrvpv*,impetus,india-indore,704,96,4.758,12/03/2019,True,11/04/2017 08:05:42
Mr.epmlthdjj*,impetus,india-bangalore,705,100,5.03,28/06/2019,True,12/02/2018 21:28:33
Mr.cbutyos*,impetus,india-indore,706,92,4.273,31/10/2017,True,06/06/2019 09:36:07
Mr.bpgfemf*,impetus,india-noida,707,69,9.179,26/11/2018,True,23/03/2017 13:01:45
Mr.ccmg*,impetus,india-indore,708,52,5.485,03/11/2018,True,07/03/2018 00:07:17
Mr.ccou*,impetus,india-noida,709,44,4.467,18/09/2017,True,13/09/2018 11:23:12
Mr.fizopvclsi*,impetus,,710,28,8.49,22/01/2019,True,23/02/2018 13:48:33
Mr.kbsqfuqrz*,impetus,,711,95,4.027,18/03/2018,True,18/08/2018 00:44:43
Mr.uedvk*,impetus,india-indore,712,98,6.592,16/08/2018,True,26/05/2019 08:53:10
Mr.klusryeal*,impetus,india-indore,713,48,8.113,06/09/2019,True,14/03/2018 16:52:35
Mr.rcjibowddu*,impetus,india-indore,714,81,3.323,05/10/2018,True,03/05/2017 11:56:46
Mr.nlgg*,impetus,india-indore,715,69,9.151,04/07/2019,True,11/11/2018 14:04:38
Mr.fvq*,impetus,india-bangalore,716,74,3.704,19/11/2017,True,27/03/2019 15:47:27
Mr.bnlvtpwwpj*,impetus,india-noida,717,47,3.514,09/04/2019,True,26/08/2018 21:29:34
Mr.deetxiiucb*,impetus,india-bangalore,718,31,4.423,20/02/2019,True,22/07/2018 17:17:55
Mr.qep*,impetus,india-indore,719,60,3.31,10/10/2019,True,14/12/2018 09:43:36
Mr.oqwhskwyme*,impetus,india-indore,720,28,3.622,16/05/2017,True,03/08/2018 08:59:48
Mr.tscohcu*,impetus,,721,92,6.192,10/12/2017,True,23/05/2019 01:26:19
Mr.micjgdrz*,impetus,,722,91,7.572,19/12/2018,True,15/01/2018 07:41:10
Mr.frxlhshjbn*,impetus,india-indore,723,86,5.847,30/03/2017,True,27/10/2017 04:00:39
Mr.bjch*,impetus,,724,59,6.211,09/10/2017,True,06/06/2018 21:39:31
Mr.bzqqdpnzmc*,impetus,india-bangalore,725,30,3.349,04/06/2018,True,03/08/2018 02:48:34
Mr.iznflsbhp*,impetus,india-indore,726,69,7.983,25/05/2019,True,16/04/2018 14:30:48
,impetus,india-indore,727,65,5.308,21/06/2018,True,11/01/2019 15:33:11
,impetus,india-noida,728,52,7.424,28/11/2017,True,14/03/2017 10:57:07
Mr.fydysjg*,impetus,india-indore,729,44,5.934,27/08/2018,True,22/01/2017 10:30:58
Mr.pwhif*,impetus,india-noida,730,22,5.898,21/06/2018,True,18/03/2017 21:17:04
Mr.fieakjnp*,impetus,india-noida,731,80,9.831,06/02/2019,True,19/07/2019 06:56:26
Mr.iijqjhvmh*,impetus,india-bangalore,732,70,8.337,03/03/2018,True,19/07/2017 23:34:42
Mr.yctpmmv*,,india-bangalore,733,57,3.609,11/05/2019,True,14/07/2017 22:54:17
Mr.xhrjnaj*,impetus,india-indore,734,32,8.39,13/09/2018,True,14/09/2018 13:17:57
Mr.tnwtcczvn*,impetus,india-bangalore,735,48,7.804,16/01/2017,True,03/01/2019 15:57:34
Mr.obzofnnq*,impetus,india-bangalore,736,91,6.528,31/03/2017,True,13/03/2019 20:55:28
,impetus,india-noida,737,31,3.981,30/06/2018,True,25/08/2017 00:09:46
Mr.fxhwlhal*,impetus,india-noida,738,98,7.524,30/01/2019,True,21/09/2018 13:23:39
Mr.dmipnx*,impetus,india-bangalore,739,75,3.046,01/12/2018,True,10/09/2017 18:12:11
,impetus,india-indore,740,43,3.274,17/09/2019,True,09/05/2018 07:17:13
Mr.hwardpa*,impetus,india-noida,741,67,9.939,13/07/2018,True,08/09/2017 02:30:57
Mr.eso*,impetus,india-noida,742,82,3.457,12/05/2017,True,24/11/2018 17:07:59
Mr.kut*,impetus,,743,61,5.173,10/06/2017,True,19/07/2018 21:34:08
Mr.qsroqqlbm*,impetus,india-indore,744,58,9.611,16/10/2017,True,10/07/2019 21:34:32
Mr.wqibqyin*,impetus,india-noida,745,76,5.448,10/03/2017,True,15/03/2019 17:29:52
Mr.sjr*,impetus,india-indore,746,88,4.115,29/01/2019,True,21/05/2017 17:41:04
Mr.lzhh*,impetus,india-indore,747,95,3.433,03/11/2018,True,02/08/2019 03:57:12
Mr.azytz*,impetus,india-bangalore,748,93,5.511,11/07/2017,True,04/10/2019 15:19:23
Mr.scuvqxns*,,india-noida,749,47,3.082,21/05/2019,True,10/09/2017 15:00:02
Mr.hkiu*,impetus,india-bangalore,750,90,9.764,12/02/2017,True,25/12/2018 15:43:21
Mr.aks*,impetus,india-noida,751,85,8.669,07/11/2017,True,13/01/2018 01:00:18
Mr.zviz*,impetus,india-bangalore,752,77,6.953,26/03/2018,True,20/04/2018 13:03:52
Mr.reohsev*,,india-bangalore,753,50,4.039,09/07/2019,True,18/02/2018 21:55:05
Mr.hjeswm*,impetus,india-noida,754,21,9.898,05/03/2018,True,13/02/2017 19:50:00
Mr.ygbv*,impetus,india-bangalore,755,74,4.193,17/06/2018,True,13/09/2018 19:16:38
Mr.feckyts*,impetus,india-indore,756,92,9.25,26/01/2018,True,18/05/2018 00:47:07
Mr.ywvkvpmi*,impetus,india-bangalore,757,63,7.422,17/05/2018,True,19/04/2019 08:11:07
Mr.rooy*,impetus,india-indore,758,21,8.983,28/01/2018,True,22/10/2018 06:57:37
Mr.ikezex*,,,759,75,7.32,25/02/2018,True,04/11/2017 05:51:58
Mr.dtpug*,impetus,india-bangalore,760,50,6.366,13/09/2018,True,15/08/2019 14:59:39
Mr.jzogi*,impetus,india-noida,761,26,3.32,21/11/2018,True,01/08/2018 05:33:42
Mr.tholvnjahb*,impetus,india-indore,762,52,6.21,09/09/2017,True,20/05/2018 10:21:42
Mr.ibmwu*,impetus,india-bangalore,763,83,3.915,01/05/2017,True,28/10/2017 21:56:59
Mr.hlxwyryyx*,impetus,india-indore,764,93,3.62,24/11/2017,True,24/02/2017 16:16:23
Mr.dlqevk*,,india-indore,765,39,6.262,01/05/2017,True,19/03/2018 13:17:30
,impetus,india-indore,766,45,4.402,05/12/2018,True,05/10/2017 21:03:05
Mr.aaexy*,impetus,india-noida,767,41,6.119,15/03/2017,True,04/07/2019 21:40:02
Mr.wooo*,impetus,india-bangalore,768,59,7.313,20/11/2018,True,09/06/2018 15:31:21
Mr.lxewrrvfgn*,,india-noida,769,30,3.246,19/07/2019,True,05/08/2018 14:06:52
,impetus,,770,51,4.753,13/03/2018,True,26/05/2017 10:30:14
Mr.rra*,impetus,india-noida,771,23,4.67,04/02/2017,True,01/09/2019 10:47:47
Mr.gdhy*,impetus,,772,42,7.131,31/08/2018,True,30/07/2019 20:43:57
Mr.firqhm*,impetus,india-indore,773,62,8.141,21/07/2019,True,01/10/2018 08:01:05
Mr.pejrqrygw*,impetus,india-indore,774,97,3.103,08/09/2018,True,23/04/2018 09:58:55
Mr.kguajbyrby*,impetus,india-indore,775,70,5.507,05/09/2018,True,05/08/2018 05:01:06
Mr.yyg*,impetus,india-noida,776,66,6.482,16/06/2019,True,22/03/2017 06:25:45
Mr.tzqnlm*,impetus,india-noida,777,26,3.403,20/01/2017,True,08/04/2019 09:45:33
Mr.yejvn*,impetus,india-noida,778,80,6.381,09/12/2018,True,15/02/2018 19:29:07
Mr.fwcl*,impetus,india-indore,779,28,7.375,25/04/2019,True,06/06/2018 14:50:12
Mr.pagob*,impetus,india-bangalore,780,34,5.505,18/01/2019,True,11/03/2017 09:40:54
Mr.jwkuy*,impetus,india-bangalore,781,86,7.346,08/02/2018,True,02/04/2018 02:14:37
,impetus,india-indore,782,52,9.959,17/01/2018,True,07/01/2019 11:15:30
Mr.mrmn*,impetus,india-noida,783,74,4.749,14/05/2017,True,06/05/2017 16:28:03
Mr.cpqa*,impetus,india-noida,784,66,6.338,26/05/2018,True,09/06/2018 02:27:08
Mr.qxyplesrdt*,impetus,india-noida,785,72,9.309,06/01/2018,True,22/06/2017 15:39:09
Mr.wkfyc*,impetus,india-indore,786,67,7.923,04/09/2019,True,03/06/2018 06:11:51
Mr.gzlykal*,impetus,india-noida,787,33,7.675,22/02/2019,True,01/10/2018 16:54:48
Mr.peeclfgtmy*,impetus,india-indore,788,53,5.289,17/03/2019,True,15/10/2018 19:31:19
Mr.zrtmol*,impetus,india-indore,789,53,3.376,28/12/2017,True,29/04/2017 03:27:27
Mr.xpxc*,impetus,india-indore,790,48,5.51,27/05/2018,True,03/05/2017 03:18:55
Mr.npiigzl*,impetus,,791,90,8.268,08/05/2017,True,15/02/2018 16:28:18
Mr.tojtszpj*,impetus,india-noida,792,90,4.287,01/04/2017,True,01/12/2018 08:12:13
Mr.ymgqet*,impetus,india-bangalore,793,76,6.325,06/01/2018,True,12/12/2018 09:08:56
Mr.xhyoqic*,impetus,india-bangalore,794,91,4.016,14/01/2017,True,23/01/2018 18:16:55
Mr.fse*,,india-indore,795,30,8.552,04/05/2019,True,18/08/2019 14:50:57
Mr.snldaeyms*,impetus,india-noida,796,75,8.107,22/07/2019,True,04/07/2018 16:39:50
Mr.emlb*,impetus,india-bangalore,797,55,3.56,25/09/2019,True,26/08/2019 23:22:55
,impetus,india-bangalore,798,74,7.7,25/05/2019,True,18/07/2018 04:05:11
Mr.pic*,impetus,india-indore,799,49,9.822,06/04/2018,True,24/11/2018 18:21:46
Mr.kdlk*,impetus,india-bangalore,800,46,4.901,27/04/2018,True,18/02/2019 08:04:56
Mr.usnqsr*,impetus,india-indore,801,31,6.2,06/04/2017,True,27/05/2017 01:32:28
Mr.bxecf*,impetus,,802,74,7.333,14/03/2019,True,24/04/2017 09:56:07
,impetus,india-indore,803,87,6.254,07/11/2018,True,04/03/2018 04:23:14
Mr.rykrw*,impetus,india-noida,804,64,7.107,09/03/2017,True,21/08/2017 03:58:45
Mr.uvvmh*,impetus,india-indore,805,27,5.983,08/02/2017,True,13/03/2018 00:18:58
Mr.whimyga*,impetus,india-bangalore,806,54,5.382,04/09/2017,True,22/01/2017 23:12:07
Mr.otekulrx*,impetus,india-noida,807,47,3.471,03/04/2017,True,09/04/2017 00:08:38
Mr.dwkznbclb*,impetus,india-bangalore,808,81,4.732,13/06/2017,True,10/01/2018 08:08:42
Mr.oqzilcxtr*,,india-indore,809,46,9.117,08/12/2018,True,03/10/2018 03:35:21
Mr.nkpgrflxv*,impetus,,810,34,4.578,16/08/2018,True,02/02/2018 02:54:14
Mr.acog*,impetus,india-indore,811,91,8.824,25/01/2019,True,27/04/2018 14:21:27
Mr.fhjdc*,,india-indore,812,90,9.837,25/01/2019,True,04/05/2019 22:46:38
Mr.drq*,impetus,india-indore,813,86,5.257,27/03/2018,True,29/10/2018 05:11:09
Mr.rngmkdzzxi*,impetus,india-indore,814,47,9.513,28/04/2019,True,09/02/2018 01:35:21
Mr.asoekg*,impetus,india-bangalore,815,63,3.606,05/09/2019,True,15/08/2018 07:59:22
Mr.izulmfn*,impetus,india-bangalore,816,66,8.966,30/09/2018,True,24/04/2019 11:17:56
Mr.cjabahg*,impetus,,817,93,4.715,20/07/2019,True,01/04/2018 18:54:32
Mr.wpolqg*,impetus,india-noida,818,61,6.062,30/06/2018,True,17/03/2018 16:03:03
Mr.qwmntrrh*,,india-bangalore,819,32,9.9,11/05/2018,True,29/05/2018 03:10:57
Mr.iztru*,impetus,india-noida,820,70,8.912,03/08/2018,True,18/12/2017 13:11:21
Mr.lcl*,impetus,india-noida,821,29,8.821,27/11/2018,True,27/03/2019 04:22:52
Mr.fdarxsdqw*,impetus,india-indore,822,71,5.592,03/02/2018,True,26/11/2017 06:23:07
,impetus,india-indore,823,79,4.948,05/02/2018,True,07/09/2017 15:04:48
Mr.mqdied*,impetus,india-noida,824,26,3.221,30/05/2019,True,26/08/2017 16:17:25
Mr.wsgbgmehqi*,,india-indore,825,45,8.233,10/11/2017,True,05/04/2018 08:10:57
Mr.zavgvpe*,impetus,india-noida,826,95,9.238,10/01/2018,True,06/12/2018 11:15:33
Mr.rwnc*,impetus,india-noida,827,84,9.02,01/07/2019,True,09/08/2019 07:41:29
Mr.fbds*,impetus,india-bangalore,828,86,4.395,11/03/2019,True,08/01/2019 05:38:42
Mr.npf*,impetus,india-bangalore,829,32,6.598,19/07/2017,True,06/02/2017 07:15:37
,impetus,india-noida,830,99,9.184,10/10/2019,True,30/12/2018 22:51:05
Mr.gideq*,impetus,india-noida,831,70,3.598,26/02/2018,True,24/09/2019 13:05:40
Mr.jvdltqdmv*,impetus,india-noida,832,47,6.059,21/05/2017,True,19/09/2019 17:40:26
Mr.qhicugrc*,,india-indore,833,81,3.753,03/12/2017,True,03/09/2017 12:28:49
Mr.ozgl*,impetus,,834,45,3.015,22/05/2017,True,21/09/2018 00:20:42
Mr.tbrmndvr*,impetus,india-bangalore,835,57,4.874,20/11/2017,True,12/06/2019 15:56:58
Mr.mtnti*,impetus,india-indore,836,47,3.836,31/03/2017,True,29/07/2017 17:21:48
Mr.yqdhx*,impetus,india-bangalore,837,87,7.524,23/01/2019,True,12/05/2019 06:28:21
Mr.pubud*,impetus,india-noida,838,39,9.283,05/11/2018,True,21/09/2017 20:18:32
Mr.guedajvew*,impetus,india-bangalore,839,88,7.232,29/03/2017,True,29/10/2017 03:02:40
Mr.glexp*,impetus,india-noida,840,85,6.004,28/08/2017,True,16/02/2017 18:44:23
Mr.iswquqnkpj*,impetus,india-bangalore,841,34,5.542,09/05/2018,True,25/02/2019 23:01:00
,,india-noida,842,87,7.19,13/07/2018,True,21/03/2017 00:29:40
Mr.ezqzcsydhx*,impetus,india-noida,843,59,4.29,18/11/2017,True,22/05/2017 14:34:21
Mr.gdwiwe*,impetus,india-noida,844,89,8.491,16/02/2017,True,13/01/2017 07:44:00
Mr.jlzvvyjke*,impetus,india-noida,845,27,9.082,10/03/2018,True,21/07/2019 21:42:06
Mr.vrrn*,impetus,india-noida,846,59,5.5,24/02/2019,True,25/08/2019 09:39:02
Mr.ylcfvehimk*,,india-bangalore,847,86,5.478,28/07/2018,True,27/08/2017 19:19:40
,impetus,india-noida,848,64,9.847,14/08/2019,True,18/04/2018 10:48:40
Mr.xemf*,impetus,india-noida,849,37,4.719,27/12/2018,True,22/07/2019 18:52:44
Mr.crey*,impetus,india-bangalore,850,71,8.567,25/01/2019,True,16/02/2018 12:01:35
Mr.cxk*,,india-indore,851,69,8.609,15/12/2017,True,09/04/2019 03:53:16
Mr.vecq*,impetus,india-noida,852,47,8.041,04/09/2019,True,08/06/2017 00:32:39
Mr.eptg*,impetus,india-bangalore,853,34,7.264,24/01/2019,True,19/01/2017 00:40:50
Mr.mkjeqy*,impetus,,854,59,5.393,08/01/2018,True,03/03/2017 21:58:58
Mr.gssawyc*,impetus,india-noida,855,46,8.115,19/09/2018,True,25/05/2018 05:35:40
Mr.flcwgit*,impetus,india-bangalore,856,47,3.471,03/10/2019,True,23/03/2018 07:35:54
Mr.coyhc*,impetus,india-indore,857,93,4.954,21/06/2019,True,27/05/2017 19:14:28
Mr.vfbizjw*,impetus,india-noida,858,40,9.825,11/01/2018,True,11/11/2018 09:30:18
Mr.iybussxn*,impetus,india-bangalore,859,58,3.082,25/09/2017,True,27/01/2019 18:40:10
Mr.lxxjbxjap*,impetus,india-noida,860,47,8.945,14/12/2017,True,30/12/2018 14:31:34
Mr.ndvwfdex*,impetus,india-indore,861,33,9.98,02/05/2019,True,22/11/2017 22:00:02
Mr.srvzvgwmb*,impetus,india-indore,862,63,9.952,22/12/2017,True,30/01/2017 16:29:24
Mr.wvccgb*,impetus,india-noida,863,45,4.608,03/10/2019,True,10/05/2017 11:44:10
Mr.tvul*,impetus,india-bangalore,864,25,4.057,29/04/2018,True,07/04/2019 00:56:46
Mr.rrc*,impetus,india-noida,865,33,9.196,18/05/2017,True,08/08/2017 04:45:32
Mr.czczglfwne*,impetus,india-bangalore,866,84,6.994,06/02/2019,True,28/05/2019 01:22:40
Mr.wzbbiorol*,impetus,india-indore,867,28,4.556,24/01/2019,True,24/02/2018 23:45:32
Mr.vrfqj*,impetus,india-indore,868,91,7.475,10/10/2017,True,26/05/2017 13:23:49
Mr.slalovsw*,impetus,india-bangalore,869,58,9.089,26/01/2019,True,02/11/2018 17:53:44
Mr.aqwcedwn*,,india-noida,870,63,8.484,09/05/2019,True,16/01/2018 12:13:39
Mr.qmrscnrg*,impetus,india-indore,871,36,5.006,30/07/2019,True,20/12/2017 13:42:03
Mr.gdscoqzqw*,impetus,india-indore,872,45,9.476,10/07/2017,True,27/01/2017 05:16:56
,impetus,india-indore,873,86,7.11,02/08/2018,True,15/09/2019 02:32:58
Mr.pxfbotdpf*,impetus,india-noida,874,35,9.931,10/10/2018,True,04/10/2018 02:00:56
Mr.vckvpeagzs*,impetus,india-indore,875,96,7.927,13/01/2019,True,09/10/2019 09:23:22
,impetus,india-indore,876,30,7.411,15/05/2019,True,20/03/2017 06:37:56
Mr.qviioho*,impetus,,877,66,8.847,28/05/2017,True,24/07/2019 23:36:28
Mr.kzfbux*,impetus,india-noida,878,100,4.995,06/04/2017,True,15/08/2017 07:54:17
Mr.qxiefjztvd*,impetus,india-indore,879,48,5.979,11/02/2017,True,17/06/2019 21:04:51
Mr.ywobyfjb*,,india-bangalore,880,20,8.297,19/04/2019,True,14/07/2019 18:23:25
Mr.yxbgmbzvz*,impetus,india-indore,881,36,4.186,18/11/2017,True,07/03/2018 22:24:14
Mr.munmdux*,impetus,india-noida,882,29,6.146,13/04/2019,True,16/07/2017 04:24:12
Mr.cuhflnvbi*,impetus,india-indore,883,82,4.257,07/07/2018,True,03/12/2017 06:17:31
Mr.hbbnqdh*,impetus,india-indore,884,22,8.245,19/09/2017,True,16/05/2018 02:00:50
Mr.qdjyl*,impetus,india-indore,885,57,5.215,18/06/2019,True,11/12/2017 22:18:38
Mr.gzcrlii*,impetus,india-noida,886,37,5.339,30/05/2017,True,28/08/2019 11:47:58
Mr.gvbezfxei*,impetus,india-noida,887,91,6.675,04/04/2019,True,09/11/2017 20:37:03
Mr.utewjs*,impetus,india-indore,888,23,9.801,17/02/2019,True,09/09/2018 08:54:30
Mr.oqybfxfgi*,impetus,india-noida,889,32,4.88,19/04/2017,True,28/09/2018 10:54:47
Mr.hcwll*,impetus,india-indore,890,20,4.689,13/06/2017,True,14/02/2019 19:12:45
Mr.gmlwmuraws*,,,891,72,5.898,05/05/2017,True,29/08/2019 17:03:04
Mr.hbbcihdpu*,impetus,india-indore,892,37,6.585,05/07/2019,True,11/01/2017 13:33:45
Mr.rnevxn*,impetus,,893,59,7.627,17/03/2018,True,13/09/2018 17:08:57
Mr.zldtcbsy*,impetus,india-bangalore,894,67,5.137,24/01/2018,True,02/08/2018 16:52:48
Mr.kwufqzpye*,impetus,india-indore,895,68,9.862,15/10/2017,True,15/07/2019 17:05:16
,impetus,india-indore,896,29,6.103,09/02/2017,True,19/05/2019 03:19:03
Mr.gpjaugsu*,impetus,india-bangalore,897,82,5.239,24/05/2017,True,21/09/2018 21:57:30
Mr.ybugxwlw*,impetus,,898,29,9.114,04/02/2018,True,25/02/2019 10:33:37
Mr.djik*,impetus,india-bangalore,899,77,7.045,01/02/2018,True,18/01/2018 02:02:39
Mr.otyob*,impetus,india-noida,900,44,3.727,17/08/2017,True,18/08/2017 01:45:27
Mr.qmnuxhto*,impetus,india-noida,901,40,7.773,18/05/2019,True,19/06/2018 06:45:44
Mr.yhaswiodg*,impetus,india-bangalore,902,63,3.623,07/11/2018,True,18/10/2018 06:41:12
Mr.emtbs*,impetus,india-indore,903,36,5.125,08/04/2017,True,02/05/2017 00:00:36
Mr.izlznpa*,impetus,india-noida,904,24,9.633,03/02/2017,True,19/05/2017 22:27:33
Mr.xmjyyoh*,impetus,india-indore,905,81,5.204,26/03/2017,True,04/08/2017 04:36:06
Mr.uxwxrbaf*,impetus,india-noida,906,97,8.307,03/08/2019,True,09/09/2017 04:57:35
Mr.rwjwxttj*,impetus,india-indore,907,37,5.154,17/05/2019,True,22/04/2018 21:52:41
Mr.pupgztbutn*,impetus,india-indore,908,85,9.27,16/10/2018,True,29/07/2018 23:22:47
Mr.rstsuk*,impetus,india-noida,909,67,9.988,27/11/2017,True,26/04/2017 02:28:49
Mr.gchkcwzwo*,impetus,india-noida,910,24,6.102,02/03/2018,True,14/02/2017 23:08:12
Mr.wkqkwpbc*,impetus,india-bangalore,911,43,8.546,20/06/2017,True,18/07/2018 21:51:18
Mr.uvyojjwxg*,impetus,,912,62,9.431,16/07/2018,True,27/06/2018 23:56:46
Mr.kufrbqld*,impetus,,913,59,3.162,10/05/2018,True,05/07/2017 11:41:33
,impetus,india-bangalore,914,54,4.58,16/05/2018,True,24/07/2018 05:07:08
Mr.oqzwfsjcdw*,impetus,india-noida,915,83,5.046,13/07/2018,True,06/08/2019 21:18:45
,impetus,india-indore,916,83,6.551,21/01/2019,True,11/12/2017 05:32:12
Mr.yhzfjcal*,impetus,india-indore,917,58,7.717,24/04/2019,True,14/07/2018 15:46:03
Mr.ffufwuij*,impetus,india-indore,918,21,9.704,08/02/2017,True,01/10/2017 08:47:58
Mr.deoinq*,impetus,india-bangalore,919,53,5.312,24/03/2018,True,15/08/2017 03:04:39
Mr.yfnzxyin*,impetus,india-bangalore,920,100,6.733,08/11/2018,True,05/04/2019 04:11:29
Mr.ccwbwpfa*,impetus,india-noida,921,25,3.81,24/08/2019,True,30/11/2018 05:04:01
Mr.mdetfu*,impetus,india-noida,922,76,8.045,20/10/2018,True,28/06/2018 01:06:53
Mr.kqqpnhikf*,impetus,india-indore,923,34,5.331,03/04/2019,True,28/04/2018 15:45:55
Mr.duvxnaiacn*,,india-bangalore,924,69,4.759,30/01/2017,True,22/03/2019 18:29:12
Mr.obdao*,impetus,,925,62,4.183,15/05/2017,True,12/02/2017 09:23:14
,impetus,india-indore,926,58,7.908,21/01/2018,True,26/06/2018 00:14:54
Mr.cfietys*,impetus,,927,25,4.08,14/01/2017,True,11/05/2019 06:08:04
Mr.zcwoiz*,impetus,india-bangalore,928,67,5.558,20/01/2019,True,21/03/2018 14:10:38
Mr.nix*,impetus,,929,95,6.514,19/02/2017,True,06/04/2018 18:03:35
Mr.uwldwuxyu*,impetus,india-indore,930,70,4.482,01/09/2017,True,28/10/2018 07:18:53
Mr.qcf*,impetus,india-noida,931,28,4.718,08/06/2017,True,07/12/2018 19:11:46
Mr.njdmdg*,impetus,,932,84,6.584,26/11/2018,True,16/03/2018 16:56:24
Mr.nodors*,impetus,india-noida,933,29,3.354,12/12/2018,True,17/08/2019 02:03:27
,impetus,india-indore,934,86,6.743,03/08/2018,True,19/04/2019 13:57:20
Mr.uxdlhpvbwe*,impetus,india-bangalore,935,94,3.267,14/06/2017,True,15/09/2018 15:31:44
Mr.pgfgxlon*,impetus,india-noida,936,54,6.806,14/08/2018,True,28/03/2019 23:41:28
Mr.nmcs*,,india-noida,937,85,8.072,02/05/2017,True,31/05/2018 17:58:41
Mr.zhcd*,impetus,india-noida,938,99,7.365,21/07/2018,True,16/05/2018 17:38:45
Mr.ujlp*,impetus,india-noida,939,79,8.876,04/10/2019,True,07/06/2019 00:04:27
Mr.menvxuqx*,impetus,,940,53,3.831,25/04/2018,True,11/03/2018 03:07:30
Mr.uxgammjptr*,impetus,india-indore,941,87,6.472,06/01/2018,True,19/03/2018 17:26:43
Mr.cvtqu*,,india-noida,942,78,3.774,13/03/2018,True,12/07/2018 21:56:40
Mr.rcudmvrneh*,impetus,india-indore,943,85,5.185,25/01/2017,True,14/08/2019 04:42:45
Mr.uavjkdzrq*,impetus,india-noida,944,21,3.116,17/04/2018,True,12/06/2019 14:03:33
Mr.ptiz*,,india-indore,945,62,3.96,23/03/2018,True,08/02/2017 21:27:35
Mr.cqkyfps*,,india-indore,946,31,4.622,01/10/2019,True,06/02/2019 07:36:53
Mr.glqfz*,impetus,india-noida,947,56,3.654,13/09/2017,True,26/01/2017 07:33:49
,impetus,india-noida,948,55,4.837,13/03/2017,True,18/05/2019 03:26:27
,impetus,india-bangalore,949,64,7.737,01/07/2017,True,19/08/2017 02:39:47
Mr.verrrmpf*,,india-indore,950,88,5.652,03/08/2017,True,03/06/2018 08:48:58
Mr.keldszvk*,impetus,india-bangalore,951,47,7.315,17/06/2017,True,30/06/2019 06:20:50
Mr.ipiphuqu*,impetus,india-indore,952,36,5.697,19/11/2017,True,04/03/2018 06:55:20
Mr.cfyj*,impetus,india-noida,953,40,8.111,03/02/2018,True,19/01/2019 07:21:07
Mr.vcqcrxdpwu*,impetus,india-indore,954,30,4.712,01/07/2018,True,17/07/2017 06:32:50
Mr.cnrjfpwrpx*,impetus,india-noida,955,42,9.129,05/03/2018,True,27/08/2018 05:28:57
,impetus,india-noida,956,98,7.017,31/08/2017,True,31/03/2017 02:44:02
Mr.mctoatx*,impetus,india-indore,957,94,6.98,26/12/2018,True,21/06/2017 11:02:51
,impetus,india-bangalore,958,37,5.778,23/07/2017,True,24/08/2019 19:00:27
Mr.ozyaqztil*,impetus,,959,77,3.37,21/12/2017,True,26/05/2018 14:17:51
Mr.agpuy*,impetus,,960,61,9.373,18/07/2019,True,01/06/2018 08:17:25
,impetus,india-indore,961,86,9.998,11/08/2019,True,07/08/2017 16:51:49
,impetus,,962,32,9.652,09/11/2018,True,28/12/2018 02:37:27
Mr.vfaw*,impetus,india-bangalore,963,37,7.002,13/01/2017,True,29/03/2019 17:04:28
Mr.zcgwdmqc*,,india-bangalore,964,55,8.724,30/12/2018,True,05/07/2018 05:39:31
Mr.uxwphih*,,india-noida,965,66,9.337,06/09/2018,True,21/03/2019 07:38:00
Mr.yett*,impetus,,966,90,5.965,17/03/2017,True,29/01/2017 11:40:26
Mr.mpuczjav*,impetus,india-bangalore,967,33,3.461,13/05/2017,True,23/10/2017 02:51:07
Mr.icr*,impetus,india-indore,968,52,3.504,19/03/2019,True,21/04/2017 15:29:42
Mr.xpzs*,impetus,india-indore,969,49,8.204,28/06/2019,True,28/07/2018 12:28:09
Mr.hevdm*,impetus,india-bangalore,970,23,8.471,09/06/2017,True,21/09/2017 12:42:03
Mr.urtwn*,impetus,india-indore,971,57,9.825,14/05/2017,True,10/06/2019 19:27:24
Mr.qvsclin*,impetus,india-noida,972,72,4.451,10/02/2019,True,10/09/2018 04:54:49
,impetus,india-noida,973,39,8.884,14/05/2018,True,17/10/2017 07:11:18
Mr.yixc*,impetus,india-bangalore,974,58,5.265,07/03/2018,True,22/02/2018 09:26:37
Mr.mkzlvlyvzs*,impetus,india-noida,975,32,3.891,03/05/2017,True,13/02/2018 22:58:26
Mr.grh*,impetus,india-bangalore,976,80,4.801,05/09/2019,True,16/07/2018 15:06:35
Mr.zbqpobhh*,impetus,india-noida,977,48,5.329,08/05/2019,True,24/11/2018 00:06:35
Mr.use*,impetus,india-noida,978,40,7.077,18/03/2018,True,29/06/2019 08:57:54
Mr.llkfqn*,impetus,india-bangalore,979,51,9.641,26/01/2017,True,20/06/2019 17:20:09
Mr.fqrozyueu*,impetus,india-noida,980,77,5.168,25/05/2019,True,11/05/2018 02:51:14
Mr.mpb*,impetus,india-indore,981,61,9.634,23/09/2018,True,31/03/2018 20:22:46
Mr.wlhuacueu*,impetus,india-bangalore,982,85,5.151,13/06/2018,True,14/05/2019 14:09:44
Mr.oijjdq*,,india-noida,983,82,5.296,05/11/2018,True,16/09/2019 21:11:08
Mr.wor*,impetus,,984,98,3.881,30/07/2019,True,18/01/2018 20:56:17
Mr.ogweirt*,,india-indore,985,56,8.319,24/06/2018,True,19/06/2019 18:59:35
Mr.vebgrqi*,impetus,india-bangalore,986,86,3.58,02/06/2017,True,24/02/2018 11:02:06
Mr.skpc*,impetus,india-noida,987,88,4.194,23/04/2017,True,02/03/2019 20:04:36
Mr.fnxkpv*,impetus,india-noida,988,40,8.936,23/11/2017,True,03/05/2018 02:47:13
Mr.orthvrdat*,impetus,india-noida,989,100,9.604,30/03/2019,True,18/11/2018 00:26:35
Mr.yjvovnt*,impetus,india-indore,990,63,9.299,11/02/2019,True,06/12/2017 19:20:26
Mr.nkjuibrm*,impetus,india-indore,991,85,6.178,18/09/2018,True,14/04/2017 06:16:10
Mr.qkeakfuekd*,impetus,india-indore,992,36,7.341,29/04/2019,True,29/09/2017 11:06:18
Mr.ojhy*,,india-noida,993,47,6.65,03/04/2018,True,29/03/2017 09:37:57
Mr.lwiqrnsl*,impetus,india-bangalore,994,96,8.269,18/02/2019,True,18/07/2018 16:33:41
Mr.mebsdcue*,impetus,india-noida,995,71,6.153,09/10/2018,True,03/05/2017 12:39:34
Mr.vzkadp*,impetus,india-indore,996,100,3.794,22/10/2017,True,11/10/2017 20:15:03
Mr.alsre*,impetus,india-noida,997,95,5.387,23/06/2019,True,20/11/2018 07:13:07
Mr.ymwyecnyeh*,impetus,india-bangalore,998,57,4.911,17/08/2018,True,23/05/2019 00:28:11
Mr.azacnu*,impetus,india-bangalore,999,47,7.413,04/03/2019,True,23/07/2019 17:21:42
Mr.ydzykhoz*,,india-indore,1000,68,6.034,25/02/2019,True,01/02/2018 03:34:24
,impetus,india-indore,1001,98,6.92,30/08/2017,True,07/02/2019 04:42:36
